,1,2,3,4,5,6
09.04.2018,12002,22001,12002,22001,22001,12002
08.04.2018,12002,22001,12002,22001,22001,12002
07.04.2018,11015,11015,11015,11015,11015,11015
06.04.2018,12002,22001,12002,22001,22001,12002
05.04.2018,22001,22001,22001,22001,22001,22001
04.04.2018,22001,22001,22001,22001,22001,22001
03.04.2018,23002,23002,23002,22001,22001,22001
02.04.2018,33001,33001,33001,33001,33001,33001
01.04.2018,32002,32002,32002,22001,22001,32002
31.03.2018,32002,32002,32002,22001,22001,32002
30.03.2018,32002,32002,32002,22001,22001,22001
29.03.2018,33001,33001,33001,23002,22001,32002
28.03.2018,32010,32010,32010,22015,22001,32002
27.03.2018,11001,11001,11001,11001,21002,21002
26.03.2018,11001,11001,11001,11001,11001,11001
25.03.2018,21002,21002,21002,11001,11001,11001
24.03.2018,21002,21002,21002,11001,11001,11001
23.03.2018,21002,21002,21002,11001,11001,21002
22.03.2018,21002,21002,21002,21002,11001,11001
21.03.2018,11001,11001,11001,11001,11001,11001
20.03.2018,11001,11001,11001,11001,11001,11001
19.03.2018,11001,11001,11001,11001,11001,11001
18.03.2018,21002,11001,21002,11001,11001,21002
17.03.2018,21002,21002,21002,11001,11001,21002
16.03.2018,22001,22001,22001,22001,22001,22001
15.03.2018,22001,22001,22001,22001,22001,22001
14.03.2018,22001,22001,22001,22001,22001,22001
13.03.2018,22001,22001,22001,22001,22001,22001
12.03.2018,22001,22001,22001,22001,22001,22001
11.03.2018,22001,22001,22001,22001,22001,22001
10.03.2018,32002,22001,22001,22001,22001,22001
09.03.2018,31002,21002,21002,11001,11001,21002
08.03.2018,31002,21002,21002,11001,11001,21002
07.03.2018,11104,11104,11104,11104,11104,11104
06.03.2018,11001,11001,11001,11001,11001,11001
05.03.2018,11001,11001,11001,11001,11001,11001
04.03.2018,21002,21002,21002,21002,21002,21002
03.03.2018,21002,21002,21002,21002,21002,21002
02.03.2018,21002,21002,21002,21002,21002,21002
01.03.2018,21100,21100,31002,31002,31002,21100
28.02.2018,21002,21002,21002,21002,21002,21002
27.02.2018,21002,21002,21002,21002,21002,21002
26.02.2018,21002,21002,21002,21002,21002,21002
25.02.2018,21002,21002,21002,11001,11001,21002
24.02.2018,21002,21002,21002,11001,11001,21002
23.02.2018,21002,21002,21002,21002,21002,21002
22.02.2018,21002,21002,21002,21002,21002,21002
21.02.2018,21002,21002,21002,21002,21002,21002
20.02.2018,21002,21002,21002,21002,21002,21002
19.02.2018,21002,21002,21002,21002,21002,21002
18.02.2018,21010,21010,21010,21010,21010,21010
17.02.2018,22001,22001,22001,22001,22001,22001
16.02.2018,23002,23002,23002,23002,23002,23002
15.02.2018,21010,21010,21010,21010,21010,21010
14.02.2018,32002,22001,22001,22001,22001,22001
13.02.2018,31002,31002,31002,31002,31002,31002
12.02.2018,21100,21100,21100,21100,21100,21100
11.02.2018,11104,11104,11104,11104,11104,11104
10.02.2018,11001,11001,11001,11001,11001,11001
09.02.2018,11001,11001,11001,11001,11001,11001
08.02.2018,11001,11001,11001,11001,11001,11001
07.02.2018,11001,11001,11001,11001,11001,11001
06.02.2018,21002,21002,21002,11001,11001,21002
05.02.2018,21002,21002,21002,21002,21002,21002
04.02.2018,21002,11001,21002,11001,22001,22001
03.02.2018,21002,21002,21002,21002,21002,21002
02.02.2018,22001,21002,21002,21002,21002,21002
01.02.2018,11104,11104,11104,12002,12002,11001
31.01.2018,11001,11001,11001,22001,22001,12002
30.01.2018,22001,22001,22001,22001,22001,22001
29.01.2018,21002,21002,21002,21002,21002,21002
28.01.2018,21002,21002,21002,21002,21002,21002
27.01.2018,22001,22001,22001,22001,22001,22001
26.01.2018,22001,22001,22001,22001,22001,22001
25.01.2018,22001,22001,22001,22001,22001,22001
24.01.2018,33001,32002,32002,22001,22001,32002
23.01.2018,44001,44001,44001,33001,33001,43002
22.01.2018,44001,44001,44001,44001,44001,44001
21.01.2018,33001,33001,33001,33001,33001,33001
21.01.2018,33001,33001,33001,33001,33001,33001
20.01.2018,32002,32002,32002,32002,32002,32002
19.01.2018,32002,32002,32002,32002,32002,32002
18.01.2018,43002,43002,43002,43002,43002,43002
17.01.2018,43002,43002,43002,33001,33001,33001
16.01.2018,32002,21110,21110,21110,21110,21110
15.01.2018,11001,11001,21002,11001,11001,21002
14.01.2018,11001,11001,11001,11001,11001,11001
13.01.2018,11001,11001,11001,11001,11001,11001
12.01.2018,11001,11001,11001,11001,11001,11001
11.01.2018,11001,11001,11001,11001,11001,11001
10.01.2018,11001,11001,11001,11001,11001,11001
09.01.2018,11015,11015,11015,11015,11001,11001
08.01.2018,22001,22001,22001,22001,22001,22001
07.01.2018,22001,22001,22001,22001,22001,22001
06.01.2018,32002,22001,32002,22001,22001,32002
05.01.2018,33001,33001,33001,33001,33001,33001
04.01.2018,33001,33001,32010,32010,32010,32010
03.01.2018,22104,22104,22104,22104,22104,22104
02.01.2018,21002,21002,21002,21002,21002,21002
01.01.2018,32002,22001,32002,22001,22001,22001
31.12.2017,33001,33001,33001,33001,33001,33001
30.12.2017,32010,32010,32002,32002,32002,32002
29.12.2017,33001,33001,33001,33001,33001,33001
28.12.2017,32002,32002,32002,32002,32002,32002
27.12.2017,11001,11001,11001,11001,11001,11001
26.12.2017,22001,22001,22001,22001,22001,22001
25.12.2017,22001,22001,22001,22001,22001,22001
25.12.2017,22001,22001,22001,22001,22001,22001
24.12.2017,22001,22001,22001,22001,22001,22001
23.12.2017,22001,22001,22001,22001,22001,22001
22.12.2017,23002,23002,23002,23002,23002,23002
21.12.2017,22001,21002,21002,21002,21002,21002
20.12.2017,22001,21002,21002,21002,21002,21002
19.12.2017,32002,22001,22001,21002,21002,21002
18.12.2017,33001,32002,32002,32002,32002,32002
17.12.2017,32002,22001,32002,22001,22001,32002
16.12.2017,32002,22001,21002,21002,21002,21002
15.12.2017,33001,32002,32002,32002,32002,32002
14.12.2017,32002,32002,32002,32002,32002,32002
13.12.2017,22001,21002,21002,21002,21002,21002
13.12.2017,22001,21002,21002,21002,21002,21002
12.12.2017,32002,32002,22001,21002,21002,21002
11.12.2017,32002,32002,32002,32002,32002,32002
10.12.2017,32002,31002,31002,31002,31002,32002
09.12.2017,32002,21002,21002,21002,21002,21002
08.12.2017,21002,21002,21002,21002,21002,21002
07.12.2017,21002,21002,21002,21002,32002,32002
06.12.2017,32002,22001,32002,32002,32002,32002
05.12.2017,32002,22001,32002,32002,32002,32002
04.12.2017,21100,21100,21100,21100,21100,21100
03.12.2017,21002,21002,21002,21002,21002,21002
02.12.2017,21002,21002,21002,21002,21002,21002
01.12.2017,32002,22001,32002,22001,22001,32002
02.05.2017,22001,22001,22001,22001,22001,22001
01.05.2017,22001,22001,22001,22001,22001,22001
30.04.2017,22001,22001,22001,22001,22001,22001
29.04.2017,22001,22001,22001,22001,22001,22001
28.04.2017,21002,11001,21002,11001,11001,21002
27.04.2017,21002,11001,21002,11001,11001,21002
26.04.2017,22001,22001,22001,22001,22001,22001
25.04.2017,21010,11113,21010,11113,11113,21010
24.04.2017,21010,21010,21010,21010,21010,21010
23.04.2017,21002,21002,21002,21002,21002,21002
22.04.2017,22001,22001,22001,22001,22001,22001
21.04.2017,33001,33001,33001,33001,33001,33001
20.04.2017,33001,33001,33001,33001,33001,33001
19.04.2017,33001,33001,33001,33001,33001,33001
18.04.2017,33001,33001,33001,33001,33001,33001
17.04.2017,32002,32002,32002,22001,22001,32002
16.04.2017,21002,21002,21002,11001,11001,21002
15.04.2017,11001,11001,11001,11001,11001,11001
14.04.2017,11001,11001,11001,11001,11001,11001
13.04.2017,11001,11001,11001,11001,11001,11001
12.04.2017,11104,11001,11104,11001,11001,11104
11.04.2017,11001,11001,11001,11001,11001,11001
07.04.2017,11104,11001,11104,11001,11001,11104
06.04.2017,11001,11001,11001,11001,11001,11001
05.04.2017,11001,11001,11001,11001,11001,11001
04.04.2017,11001,11001,11001,11001,11001,11001
03.04.2017,11104,11001,11104,11001,11001,11104
01.04.2017,11104,11001,11104,11001,11001,11104
28.03.2017,11104,11001,11104,11001,11001,11104
27.03.2017,11104,11001,11104,11001,11001,11104
26.03.2017,11113,11001,11104,11001,11001,11104
25.03.2017,11113,11001,11104,11001,11001,11104
24.03.2017,21010,11001,21002,11001,11001,21002
23.03.2017,21010,11001,21002,11001,11001,21002
22.03.2017,21002,11001,21002,11001,11001,21002
21.03.2017,21002,21002,21002,21002,21002,21002
20.03.2017,22015,22001,22015,22001,22001,22015
19.03.2017,33001,33001,33001,33001,33001,33001
18.03.2017,22104,22104,21110,11113,11113,21110
17.03.2017,22001,22001,22001,22001,22001,22001
16.03.2017,21010,21010,21010,11113,11113,21010
15.03.2017,21002,21002,21002,11001,11001,21002
14.03.2017,21002,21002,21002,11001,11001,21002
13.03.2017,21002,21002,21002,21002,21002,21002
12.03.2017,31002,21002,31002,21002,21002,31002
11.03.2017,32002,32002,32002,32002,32002,32002
10.03.2017,42002,32002,42002,32002,32002,42002
09.03.2017,33001,33001,33001,33001,33001,33001
08.03.2017,32002,32002,32002,32002,32002,32002
07.03.2017,32002,31002,31002,21002,21002,21002
06.03.2017,32002,11001,21002,11001,11001,21002
05.03.2017,21002,11001,21002,11001,11001,21002
04.03.2017,22001,11113,22001,11113,11113,22001
03.03.2017,32002,22001,22001,22001,22001,22001
02.03.2017,32002,22001,22001,22001,22001,22001
01.03.2017,31002,21002,31002,21002,21002,31002
28.02.2017,21010,11001,21002,11001,11001,21002
27.02.2017,21002,21002,21002,11001,11001,21002
26.02.2017,21010,21010,21010,21010,21010,21010
25.02.2017,21002,21002,21002,21002,21002,21002
24.02.2017,21002,21002,21002,21002,21002,21002
23.02.2017,22015,22015,22015,22015,22015,22015
22.02.2017,33001,33001,33001,33001,33001,33001
21.02.2017,32010,32010,32010,22113,22113,32010
20.02.2017,21002,21002,21002,21002,21002,21002
19.02.2017,32002,22001,22001,22001,22001,22001
18.02.2017,32002,32002,32002,32002,32002,32002
17.02.2017,21110,11104,11104,11104,11104,11104
16.02.2017,11001,11001,11001,11001,11001,11001
15.02.2017,11015,11001,11001,11001,11001,11001
14.02.2017,11001,11001,11001,11001,11001,11001
13.02.2017,11001,11001,11001,11001,11001,11001
12.02.2017,21002,11001,11001,11001,11001,11001
11.02.2017,21002,11001,11001,11001,11001,11001
10.02.2017,21002,11001,11001,11001,11001,11001
09.02.2017,21002,11001,21002,11001,11001,21002
08.02.2017,21002,11001,21002,11001,11001,21002
07.02.2017,21002,11001,21002,11001,11001,21002
06.02.2017,21002,21002,21002,11001,11001,21002
05.02.2017,21002,21002,21002,11001,11001,21002
04.02.2017,21010,21010,21010,11001,11001,21002
03.02.2017,32002,22001,31002,11001,11001,21002
02.02.2017,33001,33001,33001,22001,22001,22001
01.02.2017,33001,33001,33001,23002,23002,23002
31.01.2017,22015,22001,22001,22001,22001,22001
30.01.2017,11015,11001,11001,11001,11001,11001
29.01.2017,11001,11001,11001,11001,11001,11001
28.01.2017,11001,11001,11001,11001,11001,11001
27.01.2017,11001,11001,11001,11001,11001,11001
26.01.2017,21002,11001,21002,11001,11001,21002
25.01.2017,21002,11001,21002,11001,11001,21002
24.01.2017,21002,21002,21002,21002,21002,21002
23.01.2017,21002,21002,21002,21002,21002,21002
22.01.2017,21010,21010,21010,21010,21010,21010
21.01.2017,21010,21010,21010,21010,21010,21010
20.01.2017,21010,21002,21002,21002,21002,21002
19.01.2017,32002,31002,31002,31002,31002,31002
18.01.2017,32002,32002,32002,32002,32002,32002
17.01.2017,32010,32002,32002,32002,32002,32002
16.01.2017,32002,32002,32002,32002,32002,32002
15.01.2017,32002,32002,32002,32002,32002,32002
14.01.2017,32100,31002,31002,31002,31002,31002
13.01.2017,32002,31002,31002,31002,31002,31002
12.01.2017,32002,31002,31002,31002,31002,31002
11.01.2017,21002,21002,21002,21002,21002,21002
10.01.2017,32002,22001,32002,22001,22001,32002
09.01.2017,32002,32002,32002,32002,32002,32002
08.01.2017,32002,32002,32002,32002,32002,32002
07.01.2017,32002,22001,32002,22001,22001,32002
06.01.2017,32002,32002,32002,32002,32002,32002
05.01.2017,32002,32002,32002,32002,32002,32002
04.01.2017,21110,21110,21110,21110,21110,21110
02.05.2016,21002,21002,21002,21002,21002,21002
30.04.2016,21002,21002,21002,21002,21002,21002
27.04.2016,21002,21002,21002,11001,11001,21002
25.04.2016,21002,21002,21002,11001,11001,21002
24.04.2016,21002,11001,21002,11001,11001,21002
22.04.2016,11001,11001,11001,11001,11001,11001
18.04.2016,21002,21002,21002,11001,11001,21002
16.04.2016,11001,11001,11001,11001,11001,11001
11.04.2016,11104,11001,11001,11001,11001,11001
10.04.2016,11104,11001,11001,11001,11001,11001
09.04.2016,11001,11001,11001,11001,11001,11001
08.04.2016,11001,11001,11001,11001,11001,11001
07.04.2016,11104,11104,11104,11104,11104,11104
06.04.2016,21002,21002,21002,21002,21002,21002
05.04.2016,21110,21110,21110,11113,11113,21110
04.04.2016,32002,32002,32002,22001,22001,32002
03.04.2016,22104,22104,22104,22104,22104,22104
02.04.2016,23002,23002,23002,23002,23002,23002
01.04.2016,23002,23002,23002,23002,23002,23002
31.03.2016,22015,22015,22015,22015,22015,22015
30.03.2016,22001,22001,22001,22001,22001,22001
29.03.2016,22001,22001,22001,22001,22001,22001
28.03.2016,21010,21010,21010,21010,21010,21010
27.03.2016,22015,22015,22015,22015,22015,22015
26.03.2016,32010,32010,32010,32010,32010,32010
25.03.2016,11104,11104,21002,11001,11001,21002
24.03.2016,11001,11001,21002,11001,11001,21002
23.03.2016,11001,11001,11001,11001,11001,11001
22.03.2016,11001,11001,11001,11001,11001,11001
21.03.2016,11015,11001,11001,11001,11001,11001
20.03.2016,11113,11113,11113,11113,11113,11113
19.03.2016,21010,21010,21010,11113,11113,21010
18.03.2016,21010,21002,21002,21002,21002,21002
17.03.2016,21010,21010,21010,21010,21010,21010
16.03.2016,32002,32002,32002,22001,22001,32002
15.03.2016,21002,11001,21002,11001,11001,21002
14.03.2016,21010,11001,21002,11001,11001,21002
13.03.2016,21002,11001,21002,11001,11001,21002
12.03.2016,21002,21002,21002,21002,21002,21002
11.03.2016,22001,22001,21002,21002,21002,21002
10.03.2016,21010,21010,21002,21002,21002,21002
09.03.2016,21010,21002,21002,21002,21002,21002
08.03.2016,22001,21002,21002,21002,21002,21002
07.03.2016,22001,22001,21002,21002,21002,21002
06.03.2016,32002,32002,32002,22001,22001,32002
05.03.2016,32002,32002,32002,32002,32002,32002
04.03.2016,22001,22001,21010,21010,21010,21010
03.03.2016,32002,32002,31002,31002,31002,31002
02.03.2016,32002,32002,32002,32002,31002,31002
01.03.2016,21002,21002,21002,21002,21002,21002
29.02.2016,21002,11001,21002,11001,11001,11001
28.02.2016,21010,11001,21002,11001,11001,11001
27.02.2016,21010,11001,21002,11001,11001,21002
26.02.2016,21010,21002,21002,11001,11001,21002
25.02.2016,21002,21002,21002,21002,21002,21002
24.02.2016,21002,21002,21002,11001,11001,21002
23.02.2016,22001,22001,22001,22001,22001,22001
22.02.2016,32010,32010,32010,32010,32010,32010
21.02.2016,33001,33001,33001,33001,33001,33001
20.02.2016,21002,21002,21002,11001,11001,21002
19.02.2016,21002,11001,21002,11001,11001,21002
18.02.2016,21010,21010,21010,11113,11113,21010
17.02.2016,21002,11001,21002,11001,11001,21002
16.02.2016,21002,21002,21002,11001,11001,21002
15.02.2016,21002,21002,21002,11001,11001,21002
14.02.2016,21002,21002,21002,21002,21002,21002
13.02.2016,21002,21002,21002,21002,21002,21002
12.02.2016,21002,21002,21002,21002,21002,21002
11.02.2016,32002,32002,32002,32002,32002,32002
10.02.2016,32002,32002,32002,32002,32002,32002
09.02.2016,21010,11015,21010,11015,11015,21010
08.02.2016,21010,21010,21010,21010,21010,21010
07.02.2016,22001,22001,22001,22001,22001,22001
06.02.2016,32002,32002,32002,32002,32002,32002
05.02.2016,31002,31002,31002,31002,31002,31002
04.02.2016,32002,32002,32002,32002,32002,32002
03.02.2016,21002,21002,21002,11001,11001,21002
02.02.2016,22015,22015,22015,22015,22015,22015
01.02.2016,44001,33001,33001,33001,33001,33001
31.01.2016,23100,22001,22001,22001,22001,22104
30.01.2016,11015,11015,11015,11015,11015,11015
29.01.2016,13002,12002,12002,12002,12002,12002
28.01.2016,22001,22001,22001,22001,22001,22001
27.01.2016,22001,22001,22001,22001,22001,22001
26.01.2016,22015,22001,22001,22001,22001,22001
25.01.2016,22001,22001,22001,22001,22001,22001
24.01.2016,22001,22001,32002,22001,22001,32002
23.01.2016,32002,32002,31002,31002,31002,31002
22.01.2016,22001,22001,21002,21002,21002,21002
21.01.2016,22001,22001,32002,21002,21002,31002
20.01.2016,33001,32002,32002,22001,22001,32002
19.01.2016,22001,22001,32002,22001,22001,32002
18.01.2016,32002,32002,32002,32002,32002,32002
17.01.2016,32002,32002,32002,32002,32002,32002
17.01.2016,32002,32002,32002,32002,32002,32002
16.01.2016,31002,31002,31002,21002,21002,31002
15.01.2016,31002,31002,31002,21002,21002,31002
14.01.2016,31002,31002,31002,21002,21002,31002
13.01.2016,31002,31002,31002,21002,21002,31002
12.01.2016,32002,32002,32002,11001,11001,32002
11.01.2016,21002,21002,21002,11001,11001,21002
10.01.2016,21002,21002,21002,11001,11001,21002
09.01.2016,21002,21002,21002,11001,11001,21002
08.01.2016,32002,21002,31002,11001,11001,21002
03.05.2015,12002,12002,12002,12002,12002,12002
02.05.2015,12002,12002,12002,12002,12002,12002
01.05.2015,12002,12002,12002,12002,12002,12002
30.04.2015,11015,11015,11015,11015,11015,11015
29.04.2015,11113,11113,11113,11113,11113,11113
28.04.2015,12100,12100,12100,12100,12100,12100
27.04.2015,12002,12002,12002,12002,12002,12002
26.04.2015,12002,12002,12002,12002,12002,12002
25.04.2015,11015,11015,11015,11015,11015,11015
24.04.2015,11015,11015,11015,11015,11015,11015
23.04.2015,11001,11001,11001,11001,11001,11001
22.04.2015,11015,11015,11015,11015,11015,11015
21.04.2015,11015,11015,11015,11015,11015,11015
20.04.2015,11104,11001,11104,11001,11001,11104
19.04.2015,11104,11001,11104,11001,11001,11104
18.04.2015,22001,22001,22001,22001,22001,22001
17.04.2015,22001,22001,22001,22001,22001,22001
16.04.2015,11104,11001,11104,11001,11001,11104
15.04.2015,11113,11113,11113,11113,11113,11113
14.04.2015,22001,11113,22001,11113,11113,22001
13.04.2015,22001,11113,22001,11113,11113,11113
12.04.2015,22113,22001,22113,22001,22001,22113
11.04.2015,22113,22001,22001,22001,22001,22113
10.04.2015,22001,22001,22001,22001,22001,22001
09.04.2015,33001,33001,33001,33001,33001,33001
08.04.2015,32010,32010,32010,22113,22113,32010
07.04.2015,32010,32010,32002,32002,32002,32002
06.04.2015,32002,32002,32002,22001,22001,32002
05.04.2015,22001,22001,22001,22001,22001,22001
04.04.2015,22001,22001,22001,22001,22001,22001
03.04.2015,33001,33001,33001,33001,33001,33001
02.04.2015,43002,43002,43002,33001,33001,33001
01.04.2015,33001,33001,33001,33001,33001,33001
31.03.2015,33001,33001,33001,33001,33001,33001
30.03.2015,34002,33015,33015,33001,33001,33001
29.03.2015,22113,22113,22113,22113,22113,22113
28.03.2015,22001,21010,31010,21010,21010,31010
27.03.2015,21002,21002,21002,21002,21002,21002
26.03.2015,22001,22001,22001,22001,22001,22001
25.03.2015,22001,22001,22001,22001,22001,22001
24.03.2015,22001,22001,22001,22001,22001,22001
23.03.2015,22001,22001,32002,22001,22001,32002
22.03.2015,12002,11001,11001,11001,11001,11001
21.03.2015,12002,11015,11015,11015,11015,11015
20.03.2015,11015,11015,11015,11015,11015,11015
19.03.2015,11015,11015,11015,11015,11015,11015
18.03.2015,11015,11015,11015,11015,11015,11015
17.03.2015,11001,11001,11001,11001,11001,11001
16.03.2015,11001,11001,11001,11001,11001,11001
15.03.2015,11001,11001,11001,11001,11001,11001
14.03.2015,11001,11001,11001,11001,11001,11001
13.03.2015,11001,11001,11001,11001,11001,11001
12.03.2015,11015,11001,11001,11001,11001,11001
11.03.2015,11001,11001,11001,11001,11001,11001
10.03.2015,21010,21010,21010,11113,11113,21010
09.03.2015,21010,21010,21010,11015,11015,21010
08.03.2015,21010,21010,21010,21010,21010,21010
07.03.2015,21010,21010,21010,21010,21010,21010
06.03.2015,33001,31010,31010,31010,31010,31010
05.03.2015,21002,21002,21002,21002,21002,21002
04.03.2015,32002,32002,32002,32002,32002,32002
03.03.2015,32002,32002,32002,32002,32002,32002
02.03.2015,22001,22001,22001,22001,22001,22001
01.03.2015,31010,21010,31010,21010,21010,21010
28.02.2015,31002,31002,31002,31002,21002,21002
27.02.2015,11001,11001,11001,11001,11001,11001
26.02.2015,21010,11001,21002,11001,11001,21002
25.02.2015,21002,11001,11001,11001,11001,11001
24.02.2015,22001,12002,12002,12002,12002,12002
23.02.2015,11015,11015,11015,11015,11015,11015
22.02.2015,11001,11001,11001,11001,11001,11001
21.02.2015,11001,11001,11001,11001,11001,11001
20.02.2015,11015,11015,11001,11001,11001,11001
19.02.2015,11015,11015,11015,11015,11015,11015
18.02.2015,11015,11015,11015,11015,11001,11015
17.02.2015,11015,11015,11015,11015,11015,11015
16.02.2015,21010,11015,21002,11001,11001,21002
15.02.2015,21010,21010,21002,11001,11001,21002
14.02.2015,21010,21010,21010,11015,11015,21010
13.02.2015,21010,21010,21010,11015,11015,21010
12.02.2015,21010,21010,21010,21010,21010,21010
11.02.2015,22015,21010,21010,21010,21010,21010
10.02.2015,32002,22001,32002,22001,22001,32002
09.02.2015,32002,22001,32002,22001,22001,32002
08.02.2015,22104,22104,22104,22104,22104,22104
07.02.2015,22001,22001,22001,22001,22001,22001
06.02.2015,32002,32002,32002,32002,32002,32002
06.02.2015,32002,32002,32002,32002,32002,32002
05.02.2015,32002,32002,32002,32002,32002,32002
04.02.2015,32002,32002,32002,32002,32002,32002
03.02.2015,43002,32002,32002,32002,32002,32002
02.02.2015,32002,32002,32002,32002,32002,32002
01.02.2015,32002,32002,32002,32002,32002,32002
31.01.2015,32002,32002,32002,32002,32002,32002
30.01.2015,32002,32002,32002,32002,32002,32002
29.01.2015,33001,33001,32002,32002,32002,32002
28.01.2015,43002,43002,43002,33001,32002,32002
27.01.2015,32002,32002,32002,32002,32002,32002
26.01.2015,21010,21010,21010,21010,21010,21010
25.01.2015,11104,11104,11104,11104,11104,11104
24.01.2015,11001,11001,11001,11001,11001,11001
23.01.2015,11001,11001,11001,11001,11001,11001
22.01.2015,11001,11001,11001,11001,11001,11001
21.01.2015,21002,11001,21002,11001,11001,21002
20.01.2015,21002,21002,21002,11001,11001,21002
19.01.2015,21002,21002,21002,11001,11001,21002
18.01.2015,21010,11113,21010,11113,11001,21002
17.01.2015,21010,11113,21010,11113,11113,21010
16.01.2015,21002,11001,21002,11001,11001,21002
15.01.2015,21002,21002,21002,21002,21002,21002
14.01.2015,21002,21002,21002,21002,21002,21002
13.01.2015,21002,21002,21002,21002,21002,21002
12.01.2015,21002,21002,21002,21002,21002,21002
11.01.2015,22001,22001,22001,22001,22001,22001
10.01.2015,22001,22001,22001,22001,22001,22001
09.01.2015,21010,21010,21010,21010,21010,21010
08.01.2015,21002,21002,21002,21002,21002,21002
07.01.2015,21002,21002,21002,21002,21002,21002
06.01.2015,21010,21010,21010,21010,21010,31010
05.01.2015,31002,31002,31002,31002,32002,32002
04.01.2015,32002,32002,32002,32002,32002,32002
03.01.2015,32010,32010,32010,32010,32010,32010
02.01.2015,32002,32002,32002,32002,32002,32002
01.01.2015,33001,32010,32010,32010,32010,32010
31.12.2014,44001,33001,33001,33001,33001,33001
30.12.2014,32002,32002,32002,32002,32002,32002
29.12.2014,31002,21002,31002,21002,21002,31002
28.12.2014,21002,11001,21002,11001,11001,11001
27.12.2014,31002,11001,31002,11001,11001,11001
26.04.2014,22001,22001,22001,22001,22001,22001
25.04.2014,11113,11113,11113,11113,11113,11113
24.04.2014,11113,11113,11113,11113,11113,11113
23.04.2014,11113,11113,11113,11113,11113,11113
22.04.2014,11113,11113,11113,11113,11113,11113
21.04.2014,11113,11113,11113,11113,11113,11113
20.04.2014,22001,22001,22001,22001,22001,22001
19.04.2014,22001,22001,22001,22001,22001,22001
18.04.2014,21002,11001,21002,11001,11001,21002
17.04.2014,22001,22001,22001,22001,22001,22001
16.04.2014,22001,22001,32002,22001,22001,32002
15.04.2014,31002,31002,31002,31002,31002,31002
14.04.2014,21002,11001,21002,11001,11001,21002
13.04.2014,22001,22001,22001,22001,22001,22001
12.04.2014,12002,12002,22001,12002,12002,22001
11.04.2014,11015,11015,11015,11015,11015,11015
10.04.2014,12002,11015,11015,11015,11015,11015
09.04.2014,12002,12002,12002,12002,12002,12002
08.04.2014,12010,12002,12002,12002,12002,12010
07.04.2014,12002,12002,12002,12002,12002,12002
06.04.2014,12002,12002,12002,12002,12002,12002
05.04.2014,12002,12002,12002,12002,12002,12002
04.04.2014,13002,12002,12002,12002,12002,12002
03.04.2014,30002,20002,20002,20002,20002,20002
02.04.2014,11015,11015,11015,11015,11015,11015
01.04.2014,11015,11015,11015,11015,11015,11015
31.03.2014,11015,11015,11015,11015,11015,11015
30.03.2014,11015,11015,11015,11015,11015,11015
29.03.2014,11015,11015,11015,11015,11015,21010
28.03.2014,11015,11015,11015,11015,11015,21010
27.03.2014,12002,11015,11015,11015,11015,21010
26.03.2014,22015,22001,22001,22001,22001,22001
25.03.2014,43002,32002,32002,32002,32002,32002
25.03.2014,43002,32002,32002,32002,32002,32002
24.03.2014,43002,43002,43002,33001,33001,33001
23.03.2014,21002,21002,21002,21002,21002,21002
22.03.2014,11015,11015,11015,11015,11015,11015
21.03.2014,11015,11015,11015,11015,11015,11015
20.03.2014,11015,11015,11015,11015,11015,11015
19.03.2014,11015,11015,11015,11015,11015,11015
18.03.2014,11015,11015,11015,11015,11015,11015
17.03.2014,11015,11015,11015,11015,11015,11015
16.03.2014,22001,22001,22001,22001,22001,22001
15.03.2014,22001,11001,11001,11001,11001,11001
14.03.2014,11015,11015,11015,11015,11015,11015
13.03.2014,11015,11015,11015,11015,11015,11015
12.03.2014,11015,11015,21010,11015,11015,11015
11.03.2014,11015,11015,11015,11015,11015,11015
10.03.2014,11015,11015,11015,11015,11015,11015
09.03.2014,11015,11015,11015,11015,11015,11015
08.03.2014,11015,11015,11015,11015,11015,11015
07.03.2014,11001,11001,21002,11001,11001,11001
06.03.2014,11001,11001,21002,11001,11001,21002
05.03.2014,11001,11001,11001,11001,11001,11001
04.03.2014,11001,11001,11001,11001,11001,11001
03.03.2014,11001,11001,11001,11001,11001,11001
02.03.2014,11001,11001,11001,11001,11001,11001
01.03.2014,11001,11001,11001,11001,11001,11001
28.02.2014,11001,11001,11001,11001,11001,11001
27.02.2014,11001,11001,11001,11001,11001,11001
26.02.2014,11113,11113,11113,11113,11113,11113
25.02.2014,21010,21010,21010,21010,21010,21010
24.02.2014,21010,21010,21010,21010,21010,21010
23.02.2014,21002,21002,21002,21002,21002,21002
22.02.2014,21010,21010,21002,21002,21002,21002
21.02.2014,22001,22001,21002,21002,21002,21002
20.02.2014,21002,21002,21002,21002,21002,21002
19.02.2014,21002,21002,21002,21002,21002,21002
18.02.2014,21002,21002,21002,21002,21002,21002
17.02.2014,21002,21002,21002,21002,21002,21002
16.02.2014,21002,21002,21002,21002,21002,21002
15.02.2014,22001,22001,22001,22001,22001,22001
14.02.2014,31002,21002,21002,21002,21002,21002
13.02.2014,21002,21002,21002,21002,21002,21002
12.02.2014,21002,21002,21002,21002,21002,31002
11.02.2014,21002,21002,31002,21002,31002,31002
10.02.2014,21002,21002,21002,21002,21002,31002
09.02.2014,21002,21002,21002,21002,21002,21002
08.02.2014,22001,22001,22001,22001,22001,22001
07.02.2014,22001,22001,22001,22001,22001,32002
06.02.2014,22001,21002,21002,21002,21002,21002
05.02.2014,22001,22001,22001,22001,22001,22001
04.02.2014,22001,22001,32002,22001,22001,32002
03.02.2014,21002,21002,21002,21002,21002,21002
02.02.2014,21002,21002,31002,21002,21002,21002
01.02.2014,22001,22001,32002,22001,22001,32002
31.01.2014,22001,22001,22001,22001,22001,22001
30.01.2014,32002,32002,32002,32002,22001,32002
29.01.2014,32002,22001,32002,32002,22001,32002
28.01.2014,32002,32002,32002,32002,32002,32002
27.01.2014,32002,32002,32002,32002,32002,32002
26.01.2014,32002,32002,32002,32002,32002,32002
25.01.2014,31002,31002,31002,31002,31002,31002
24.01.2014,21002,21002,21002,21002,21002,21002
23.01.2014,21002,21002,21002,21002,21002,21002
22.01.2014,21002,21002,21002,21002,21002,21002
21.01.2014,22001,22001,22001,22001,22001,22001
20.01.2014,22001,22001,22001,22001,22001,22001
19.01.2014,32002,32002,32002,22001,22001,22001
18.01.2014,21010,21010,21010,11113,11113,21010
17.01.2014,21002,21002,21002,21002,21002,21002
16.01.2014,21010,21010,21002,21002,21002,21002
15.01.2014,21002,21002,21002,21002,21002,11001
14.01.2014,11001,11001,11001,11001,11001,11001
13.01.2014,11001,11001,11001,11001,11001,11001
12.01.2014,22001,11001,11001,11001,11001,11001
11.01.2014,21002,11001,21002,11001,11001,11001
10.01.2014,11001,11001,11001,11001,11001,11001
09.01.2014,11015,11015,11015,11015,11015,11015
08.01.2014,21002,11001,21002,11001,11001,21002
07.01.2014,21002,11001,21002,11001,11001,21002
06.01.2014,32002,21002,21002,11001,11001,21002
05.01.2014,22001,21002,21002,11001,11001,11001
04.01.2014,21002,21002,21002,11001,11001,21002
03.01.2014,21002,21002,21002,11001,11001,21002
02.01.2014,21002,11104,11104,11001,11001,11001
01.01.2014,21002,11001,11001,11001,11001,11001
31.12.2013,21002,11001,21002,11001,11001,11001
30.12.2013,21002,11001,21002,11001,11001,11001
29.12.2013,21002,11001,21002,11001,11001,21002
28.12.2013,21002,11001,21002,11001,11001,21002
27.12.2013,21002,21002,21002,21002,21002,21002
26.12.2013,21002,21002,21002,21002,21002,21002
25.12.2013,21002,21002,21002,21002,21002,21002
24.12.2013,11001,11001,11001,11001,11001,11001
23.12.2013,11001,11001,11001,11001,11001,11001
22.12.2013,11001,11001,11001,11001,11001,11001
21.12.2013,11001,11001,11001,11001,11001,11001
20.12.2013,21002,21002,21002,11001,11001,21002
19.12.2013,21002,21002,21002,11001,11001,21002
18.12.2013,11001,11001,11001,11001,11001,11001
17.12.2013,11015,11015,11015,11015,11015,11015
16.12.2013,11015,11015,11015,11015,11015,11015
15.12.2013,21002,11001,21002,11001,11001,21002
14.12.2013,21002,11001,21002,11001,11001,21002
13.12.2013,21002,11001,21002,11001,11001,21002
12.12.2013,21002,21002,21002,21002,21002,21002
11.12.2013,21002,21002,21002,21002,21002,21002
10.12.2013,21002,21002,31002,21002,21002,31002
09.12.2013,31002,21002,31002,21002,21002,31002
08.12.2013,31002,31002,31002,31002,31002,31002
07.12.2013,32002,32002,32002,32002,32002,32002
06.12.2013,21100,21100,21100,21100,21100,31002
05.12.2013,11001,11001,11001,11001,11001,31002
01.05.2013,22001,22001,22001,22001,22001,22001
30.04.2013,22001,22001,22001,22001,22001,22001
29.04.2013,22001,22001,22001,22001,22001,22001
28.04.2013,22001,22001,22001,22001,22001,22001
27.04.2013,22001,22001,22001,22001,22001,22001
26.04.2013,22001,22001,22001,22001,22001,22001
25.04.2013,22001,22001,22001,22001,22001,22001
24.04.2013,33001,33001,33001,33001,33001,33001
23.04.2013,22001,22001,22001,22001,22001,22001
22.04.2013,22001,22001,22001,22001,22001,22001
21.04.2013,22001,22001,22001,22001,22001,22001
20.04.2013,33001,33001,33001,33001,33001,33001
19.04.2013,23100,23100,23100,23100,23100,23100
18.04.2013,22113,22113,22113,22113,22113,22113
17.04.2013,33001,33001,33001,33001,33001,33001
16.04.2013,33001,33001,33001,33001,33001,33001
15.04.2013,33001,33001,33001,33001,33001,33001
14.04.2013,23002,23002,23002,23002,23002,23002
13.04.2013,22001,22001,22001,22001,22001,22001
12.04.2013,22001,22001,22001,22001,22001,22001
11.04.2013,22104,22104,22001,22001,22001,22001
10.04.2013,11015,11015,11015,11015,11015,11015
09.04.2013,11015,11015,11015,11015,11015,11015
08.04.2013,11015,11015,11001,11001,11001,11001
07.04.2013,11001,11001,11001,11001,11001,11001
06.04.2013,12002,11015,11015,11015,11015,11015
05.04.2013,12002,12002,12002,12002,12002,12002
04.04.2013,21010,21010,21010,21010,21010,21010
03.04.2013,21002,21002,21002,21002,21002,31002
02.04.2013,22001,22001,32002,32002,32002,32002
01.04.2013,21002,21002,21002,21002,21002,31002
31.03.2013,21002,21002,21002,21002,21002,31002
30.03.2013,21002,21002,21002,21002,21002,21002
29.03.2013,21002,21002,21002,21002,21002,21002
28.03.2013,21002,21002,21002,21002,21002,21002
27.03.2013,11001,11001,11001,11001,11001,11001
26.03.2013,11001,11001,11001,11001,11001,11001
25.03.2013,11001,11001,11001,11001,11001,11001
24.03.2013,21002,21002,21002,21002,21002,21002
23.03.2013,22001,22001,22001,22001,22001,22001
22.03.2013,22001,22001,22001,22001,22001,22001
21.03.2013,31002,31002,31002,31002,31002,31002
20.03.2013,31002,31002,31002,31002,31002,31002
19.03.2013,32002,32002,32002,32002,32002,32002
18.03.2013,32002,32002,32002,32002,32002,32002
17.03.2013,32002,32002,32002,22001,22001,32002
16.03.2013,22001,22001,32002,32002,32002,32002
15.03.2013,22001,22001,22001,22001,32002,32002
14.03.2013,11001,11001,11001,11001,11001,11001
13.03.2013,12002,12002,12002,12002,12002,12002
12.03.2013,12002,12002,22001,12002,12002,22001
11.03.2013,12002,12002,12002,12002,12002,12002
10.03.2013,12002,12002,12002,12002,12002,12002
09.03.2013,12002,12002,12002,12002,12002,22001
08.03.2013,22001,22001,22001,22001,22001,22001
07.03.2013,22001,22001,22001,22001,22001,22001
06.03.2013,22001,22001,22001,22001,22001,22001
05.03.2013,11015,11015,11015,11015,11015,11015
04.03.2013,11015,11015,11015,11015,11015,11015
03.03.2013,11015,11015,11015,11015,11015,11015
02.03.2013,11015,11015,11015,11015,11015,11015
01.03.2013,11015,11015,11015,11015,11015,21010
28.02.2013,11015,11015,11015,11015,11015,21010
27.02.2013,11015,11001,11001,11001,11001,21002
26.02.2013,21002,21002,21002,11001,11001,21002
25.02.2013,21002,21002,21002,11001,11001,21002
24.02.2013,21002,21002,31002,21002,21002,31002
23.02.2013,21002,21002,21002,21002,31002,31002
22.02.2013,21002,21002,21002,21002,31002,31002
21.02.2013,22001,22001,32002,32002,32002,32002
20.02.2013,22001,22001,32002,33001,33001,33001
19.02.2013,22001,21002,21100,21100,21100,21100
18.02.2013,22001,21002,21002,11001,11001,21002
17.02.2013,22001,21002,21002,21002,21002,21002
16.02.2013,22001,21002,21002,21002,21002,21002
15.02.2013,22001,21002,21002,21002,21002,21002
14.02.2013,22001,21010,21010,21010,21010,21010
13.02.2013,22001,22001,22001,22001,22001,22001
12.02.2013,32002,22001,32002,22001,22001,32002
11.02.2013,32002,32002,32002,32002,32002,32002
10.02.2013,43002,32002,32002,32002,32002,32002
09.02.2013,43002,33001,33001,33001,33001,33001
08.02.2013,43002,33001,33001,33001,33001,33001
07.02.2013,32002,32002,32002,32002,32002,32002
06.02.2013,33001,32002,32002,32002,32002,32002
05.02.2013,33001,32002,32002,32002,32002,32002
04.02.2013,33001,32002,32002,32002,32002,32002
03.02.2013,43002,43002,43002,33001,33001,33001
02.02.2013,33001,32002,32002,32002,32002,32002
01.02.2013,32002,32002,32002,22104,22104,32002
31.01.2013,32002,32002,32002,32002,32002,32002
30.01.2013,33001,33001,33001,33001,33001,33001
29.01.2013,31010,31010,31010,31002,31002,31002
28.01.2013,21002,21002,21002,21002,21002,21002
27.01.2013,21002,21002,21002,21002,21002,21002
26.01.2013,21002,11001,21002,11001,11001,21002
25.01.2013,21002,11001,21002,11001,11001,21002
24.01.2013,21002,21002,21002,11001,11001,21002
23.01.2013,21002,21002,21002,21002,11001,21002
22.01.2013,21002,21002,21002,21002,11001,21002
21.01.2013,22001,21002,21002,21002,21002,21002
20.01.2013,32010,32010,32010,32010,32010,32010
19.01.2013,22104,22104,32002,22104,22104,22104
18.01.2013,33001,33001,33001,33001,33001,33001
17.01.2013,22113,22113,22113,22113,22113,22113
16.01.2013,21002,21002,21002,21002,21002,21002
15.01.2013,21002,21002,21002,21002,21002,21002
14.01.2013,31002,31002,31002,31002,31002,31002
13.01.2013,31002,31002,31002,31002,31002,31002
12.01.2013,31002,31002,31002,31002,31002,31002
11.01.2013,31002,21100,21100,21002,21002,31002
10.01.2013,21002,21002,21002,21002,21002,31002
09.01.2013,22001,21002,21002,21002,22001,32002
08.01.2013,22001,22001,22001,22001,22001,32002
07.01.2013,32002,32002,32002,32002,32002,42002
06.01.2013,32002,32002,32002,32002,32002,32002
05.01.2013,32002,31002,31002,31002,31002,32100
04.01.2013,21100,21100,21100,21100,21100,31002
03.01.2013,21002,21002,21002,11001,11001,11001
02.01.2013,21002,21002,21002,21002,21002,21002
01.01.2013,21002,21002,21002,21002,21002,21002
31.12.2012,21010,21002,21002,21002,21002,21002
30.12.2012,21002,21002,21002,21002,21002,21002
29.12.2012,21010,21010,21010,21010,21010,21010
28.12.2012,32002,32002,32002,32002,32002,32002
27.12.2012,22104,21100,21100,21002,21002,21002
26.12.2012,22001,22001,22001,22001,22001,22001
25.12.2012,22001,22001,22001,22001,22001,22001
24.12.2012,33001,33001,33001,33001,33001,33001
23.12.2012,44001,43002,43002,33001,33001,43002
22.12.2012,32002,31002,31002,31002,31002,31002
21.12.2012,32002,31002,31002,21002,21002,21002
20.12.2012,22001,21002,21002,21002,21002,21002
19.12.2012,22001,22001,21002,21002,21002,21002
18.12.2012,32002,22001,21002,21002,21002,21002
17.12.2012,22001,22001,22001,22001,22001,22001
16.12.2012,22001,22001,22001,22001,22001,22001
15.12.2012,33001,32002,32002,32002,32002,32002
14.12.2012,33001,32002,32002,32002,32002,32002
13.12.2012,33001,32002,32002,32002,32002,32002
12.12.2012,33001,32002,32002,32002,32002,32002
11.12.2012,43002,32002,32002,32002,32002,32002
10.12.2012,32002,32002,32002,32002,31002,31002
09.12.2012,22001,21002,21002,21002,21002,21002
08.12.2012,22001,21002,21002,21002,21002,21002
07.12.2012,32002,32002,32002,21002,21002,21002
01.05.2012,12002,11015,11015,11015,11015,11015
30.04.2012,12002,11015,11015,11015,11015,11015
29.04.2012,22001,22001,22001,22001,22001,22001
28.04.2012,23002,23002,23002,33001,33001,23002
27.04.2012,23002,23002,23002,33001,33001,23002
26.04.2012,23002,22001,22001,22001,22001,22001
25.04.2012,32010,32010,32010,32010,22113,22113
24.04.2012,21010,21010,31010,21010,21010,31010
23.04.2012,21002,21002,21002,11001,11001,21002
22.04.2012,22001,22001,22001,22001,22001,22001
21.04.2012,22001,22001,22001,22001,22001,22001
20.04.2012,22001,22001,22001,22001,22001,22001
19.04.2012,21010,21010,21010,21010,21010,21010
18.04.2012,21010,21010,21010,21010,21010,21010
17.04.2012,22001,22001,33001,33001,22001,22001
16.04.2012,22001,22001,22001,22001,22001,22001
15.04.2012,11015,11015,11015,11015,11015,11015
14.04.2012,11015,11015,11015,11015,11015,11015
13.04.2012,12002,12002,12002,12002,12002,12002
12.04.2012,12002,11015,11015,11015,11015,11015
11.04.2012,12002,11015,11015,11015,11015,11015
10.04.2012,11015,11015,11015,11015,11015,11015
09.04.2012,22001,22001,22001,22001,22001,22001
08.04.2012,12002,11001,11001,11001,11001,11001
07.04.2012,12002,12002,22001,12002,12002,12002
06.04.2012,12002,12002,12002,12002,12002,12002
05.04.2012,12002,12002,12002,12002,12002,12002
04.04.2012,11015,11015,11015,11015,11015,21010
03.04.2012,12002,12002,11015,11015,11015,21010
02.04.2012,11001,11001,11001,11001,11001,21002
01.04.2012,12002,12002,12002,12002,12002,22001
31.03.2012,12002,12002,12002,22001,22001,22001
30.03.2012,12002,12002,22001,22001,23002,33001
29.03.2012,12002,12002,12002,12002,12002,12002
28.03.2012,11015,11015,11015,11015,11015,11015
27.03.2012,11015,11015,11015,11015,11015,11015
26.03.2012,11015,11015,11015,11015,11015,11015
25.03.2012,11015,11015,12002,12002,12002,12002
24.03.2012,11015,11015,11015,11015,11015,11015
23.03.2012,12010,12002,12002,12002,12002,12002
22.03.2012,11015,11015,11015,11015,11015,11015
21.03.2012,22015,22015,22015,22015,22015,22015
20.03.2012,22015,22015,22015,22015,22015,22015
19.03.2012,22001,22001,22001,22001,22001,22001
18.03.2012,22015,22015,22015,22015,22015,22015
17.03.2012,23002,23002,23002,23002,23002,23002
16.03.2012,23002,23002,23002,23002,23002,23002
15.03.2012,23002,23002,23002,23002,23002,23002
14.03.2012,22015,22015,22015,22015,22015,22015
13.03.2012,22015,22015,22015,22015,22015,22015
12.03.2012,22001,21010,21010,21010,21010,21010
11.03.2012,21010,21010,21010,21010,21010,21010
10.03.2012,21010,21010,21010,21010,21010,21010
09.03.2012,21110,21110,21110,21110,21110,21110
08.03.2012,11104,11104,11104,11104,11104,11104
07.03.2012,11015,11015,11015,11015,11015,11015
06.03.2012,11015,11015,11015,11015,11015,11015
05.03.2012,12002,12002,12002,12002,12002,12002
04.03.2012,12002,12002,12002,12002,12002,12002
03.03.2012,22015,22015,22015,22015,22015,22015
02.03.2012,22015,22015,22015,22015,22015,22015
01.03.2012,23002,23002,23002,23002,23002,23002
29.02.2012,22015,22015,22015,22015,23002,23002
28.02.2012,22001,22001,32002,22001,22001,32002
27.02.2012,22001,22001,32002,32002,32002,32002
26.02.2012,23002,23002,23002,23002,23002,23002
25.02.2012,23010,23010,23010,23010,23010,23010
24.02.2012,23002,23002,23002,23002,23002,23002
23.02.2012,22001,22001,22001,22001,22001,22001
22.02.2012,22001,22001,22001,22001,22001,22001
21.02.2012,32002,32002,32002,22001,22001,32002
20.02.2012,32002,32002,32002,32002,32002,32002
19.02.2012,33001,33001,33001,33001,32002,32002
18.02.2012,44001,44001,44001,44001,44001,44001
17.02.2012,44001,44001,44001,44001,44001,44001
16.02.2012,44001,44001,44001,44001,44001,44001
15.02.2012,44001,44001,44001,44001,44001,44001
15.02.2012,44001,44001,44001,44001,44001,44001
14.02.2012,32002,31002,31002,31002,21002,21002
13.02.2012,22001,21002,21002,21002,21002,21002
12.02.2012,32002,31002,31002,21002,21002,31002
11.02.2012,32002,31002,31002,21002,21002,31002
10.02.2012,22001,21002,31002,11001,11001,31002
09.02.2012,32002,31002,31002,31002,31002,31002
08.02.2012,32002,31002,31002,31002,31002,31002
07.02.2012,22001,21002,21002,21002,21002,21002
06.02.2012,22001,22001,22001,22001,22001,22001
05.02.2012,22001,22001,22001,22001,22001,22001
04.02.2012,22001,22001,22001,22001,22001,22001
03.02.2012,12002,12002,22001,12002,12002,22001
02.02.2012,12002,12002,22001,12002,12002,22001
01.02.2012,12002,12002,12002,12002,12002,22001
31.01.2012,12002,11001,11001,11001,11001,21002
30.01.2012,22001,21002,21002,21002,21002,21002
29.01.2012,21010,21010,21010,21010,21010,21010
29.01.2012,21010,21010,21010,21010,21010,21010
28.01.2012,22001,22001,22001,22001,22001,22001
27.01.2012,22001,22001,22001,22001,22001,22001
26.01.2012,33001,32002,32002,32002,32002,32002
25.01.2012,33113,32002,32002,32002,32002,32002
24.01.2012,44001,32002,32002,32002,32002,32002
23.01.2012,33001,32002,32002,32002,32002,33001
22.01.2012,44001,33001,33001,33001,33001,33001
21.01.2012,44001,44001,44001,44001,44001,44001
20.01.2012,34002,33001,33001,33001,33001,33001
19.01.2012,22113,22113,22113,22113,22113,22113
18.01.2012,22001,21002,21002,31002,31002,31002
17.01.2012,21002,21002,21002,11001,11001,21002
16.01.2012,21002,21002,21002,11001,11001,21002
15.01.2012,21002,21002,31002,31002,31002,32002
14.01.2012,21002,21002,31002,31002,31002,31002
13.01.2012,22001,22001,22001,22001,22001,32002
12.01.2012,22001,22001,22001,22001,22001,22001
11.01.2012,23010,23010,23010,23010,23010,24002
10.01.2012,34002,34002,34002,33001,33001,34002
09.01.2012,43002,43002,43002,32002,32002,43002
08.01.2012,32002,32002,43002,32002,32002,32002
07.01.2012,43002,43002,43002,32100,32100,32100
06.01.2012,43002,43002,43002,32100,32100,32100
05.01.2012,32002,32002,32002,22104,22104,32002
04.01.2012,22104,22104,22104,22001,22001,22001
03.01.2012,22001,21010,21010,21010,21010,21010
02.01.2012,32010,22015,22015,22015,22015,22015
01.01.2012,44001,44001,44001,33001,33001,33001
31.12.2011,32110,32002,32002,32002,32002,32002
30.12.2011,31010,31010,21110,21110,21110,21110
29.12.2011,21100,21100,21100,21100,21100,21100
28.12.2011,22001,21010,21010,11113,11113,21010
27.12.2011,22001,21002,21002,11001,11001,21002
26.12.2011,21002,21002,21002,11001,11001,21002
25.12.2011,21002,21002,21002,21002,21002,21002
24.12.2011,22001,22001,22001,22001,22001,22001
24.12.2011,22001,22001,22001,22001,22001,22001
23.12.2011,44001,33001,33001,33001,33001,33001
22.12.2011,32010,32010,32010,32010,32010,32010
21.12.2011,33001,32002,32002,32002,32002,32002
20.12.2011,21002,21002,21002,11001,11001,21002
19.12.2011,21002,21002,31002,11001,11001,21002
18.12.2011,21002,21002,31002,21002,21002,31002
17.12.2011,21002,11001,11001,11001,11001,11001
16.12.2011,11104,11104,11104,11104,11104,11104
15.12.2011,11001,11001,11001,11001,11001,11001
29.04.2011,11104,11001,11104,11001,11001,11104
21.04.2011,11104,11001,11104,11001,11001,11104
15.04.2011,21002,21002,21002,21002,21002,21002
08.04.2011,21002,21002,21002,21002,21002,21002
04.04.2011,21100,21100,21100,21100,21100,21100
03.04.2011,21100,21100,21100,21100,21100,21100
02.04.2011,11104,11104,11104,11104,11104,11104
01.04.2011,23002,33001,23002,33001,33001,23002
31.03.2011,12002,11015,11015,11015,11015,11015
30.03.2011,11015,11015,11015,11015,11015,11015
29.03.2011,11015,11015,11015,11015,11015,11015
28.03.2011,12002,11015,11015,11015,11015,11015
27.03.2011,22001,11015,22001,11015,11015,11015
26.03.2011,21010,11015,21010,11015,11015,11015
25.03.2011,21010,11015,21010,11015,11015,21010
24.03.2011,21010,21010,21010,21010,21010,21010
23.03.2011,21010,21010,21010,21010,21010,21010
22.03.2011,21010,21010,21010,21010,21010,21010
21.03.2011,21010,21010,21010,21010,21010,21010
20.03.2011,32002,32002,32002,32002,32002,32002
19.03.2011,32002,32002,32002,32002,32002,32002
18.03.2011,32002,32002,32002,31010,31010,31010
17.03.2011,12100,11104,11104,11104,11104,11104
16.03.2011,12002,11001,11001,11001,11001,11001
15.03.2011,11015,11015,11015,11015,11015,11015
14.03.2011,11015,11015,11015,11015,11015,11015
13.03.2011,12010,11015,11015,11015,11015,11015
12.03.2011,11015,11015,11015,11015,11015,11015
11.03.2011,11015,11015,11015,11015,11015,11015
10.03.2011,11015,11015,21010,11001,11001,11015
09.03.2011,11015,11015,11015,11001,11001,11015
08.03.2011,11015,11015,11015,11001,11001,11015
07.03.2011,11015,11015,11015,11001,11001,11015
06.03.2011,21002,11001,11001,11001,11001,11001
05.03.2011,21002,21002,21002,11001,11001,21002
04.03.2011,21002,21002,21002,11001,11001,21002
03.03.2011,21002,21002,21002,11001,11001,21002
02.03.2011,21002,21002,21002,11001,11001,21002
01.03.2011,31002,21002,21002,11001,11001,21002
28.02.2011,32002,22001,21002,11001,11001,21002
27.02.2011,31002,21002,21002,11001,11001,21002
26.02.2011,21002,21002,21002,11001,11001,21002
25.02.2011,21002,21002,21002,21002,21002,21002
24.02.2011,21002,21002,21002,21002,21002,21002
23.02.2011,31002,31002,31002,31002,31002,31002
22.02.2011,21002,21002,21002,11001,11001,11001
21.02.2011,21110,21110,21110,11113,11001,11001
20.02.2011,11001,11001,11001,11001,11001,11001
19.02.2011,11001,11001,11001,11001,11001,11001
18.02.2011,11001,11001,11001,11001,11001,21002
17.02.2011,11001,11001,11001,11001,11001,21002
16.02.2011,11001,11001,11001,11001,11001,11001
15.02.2011,11001,11001,11001,11001,11001,11001
14.02.2011,11015,11001,11001,11001,11001,11001
13.02.2011,11001,11001,11001,11001,11001,11001
12.02.2011,22001,11001,11001,11001,11001,11001
11.02.2011,12002,11001,11001,11001,11001,11001
10.02.2011,11015,11001,11001,11001,11001,11001
09.02.2011,21010,11015,11015,11015,11015,11015
08.02.2011,21010,11015,21010,11015,11015,21010
07.02.2011,21010,21010,21010,11015,11015,21010
06.02.2011,21010,21010,21010,21010,21010,31010
05.02.2011,21010,21010,21010,21010,21010,21010
04.02.2011,11001,11001,11001,11001,11001,11001
03.02.2011,11001,11001,11001,11001,11001,11001
02.02.2011,11001,11001,11001,11001,11001,11001
01.02.2011,11113,11113,11113,11113,11113,11113
31.01.2011,21010,11113,21010,11113,11113,21010
30.01.2011,21002,21002,21002,21002,21002,21002
29.01.2011,21002,21002,21002,21002,21002,31002
28.01.2011,22001,22001,22001,22001,32002,32002
27.01.2011,22001,22001,32002,32002,32002,32002
26.01.2011,32002,32002,32002,32002,32002,32002
25.01.2011,21110,21110,31010,31010,31010,31010
24.01.2011,21100,21100,21100,21100,21100,31002
23.01.2011,31002,21002,31002,21002,21002,21002
22.01.2011,32002,32002,32002,22001,22001,22001
21.01.2011,22001,22001,32002,22001,32002,32002
20.01.2011,22001,22001,32002,32002,32002,32002
19.01.2011,11001,11001,11001,11001,11001,11001
18.01.2011,11001,11001,11001,11001,11001,11001
17.01.2011,21002,11001,21002,11001,11001,21002
16.01.2011,21010,11113,21010,11113,11113,21010
15.01.2011,31010,11113,31010,11113,11113,31010
14.01.2011,32002,22001,32002,22001,22001,32002
13.01.2011,23002,22001,22001,22001,22001,22001
12.01.2011,21010,21010,21010,21010,21010,21010
11.01.2011,11001,11001,11001,11001,11001,11001
10.01.2011,11001,11001,11001,11001,11001,11001
09.01.2011,22001,12002,22001,12002,12002,12002
08.01.2011,23002,12002,22001,12002,12002,12002
07.01.2011,23002,13002,12002,12002,12002,12002
06.01.2011,11104,11104,11104,11104,11104,11104
05.01.2011,11001,11001,11001,11001,21002,21002
04.01.2011,11001,11001,11001,11001,11001,21002
03.01.2011,11001,11001,11001,11001,11001,21002
02.01.2011,11001,11001,11001,11001,11001,11001
01.01.2011,11001,11001,11001,11001,11001,11001
31.12.2010,21002,21002,21002,11001,11001,11001
30.12.2010,22001,22001,22001,11001,11001,11001
29.12.2010,21002,21002,21002,11001,11001,11001
28.12.2010,21002,21002,21002,11001,11001,11001
27.12.2010,21002,21002,21002,21002,11001,21002
26.12.2010,21002,21002,21002,21002,11001,21002
25.12.2010,21002,21002,21002,21002,21002,21002
24.12.2010,22001,22001,22001,22001,22001,22001
23.12.2010,23002,22001,22001,22001,22001,22001
22.12.2010,23002,22001,22001,22001,22001,22001
21.12.2010,22001,22001,22001,22001,22001,22001
20.12.2010,33001,33001,33001,33001,33001,32002
19.12.2010,32002,32002,32002,32002,32002,32002
18.12.2010,33001,32002,32002,32002,32002,21002
17.12.2010,32002,32002,32002,32002,32002,32002
16.12.2010,32002,32002,32002,32002,33001,32002
15.12.2010,32002,32002,32002,32002,32002,32002
14.12.2010,32002,32002,32002,32002,32002,32002
13.12.2010,42002,42002,42002,42002,32002,32002
12.12.2010,32002,32002,32002,32002,32002,32002
11.12.2010,32002,32002,32002,32002,32002,32002
10.12.2010,32002,31010,31010,31010,31010,31010
09.12.2010,22104,21100,21100,21002,21002,21002
08.12.2010,22001,21002,21002,21002,21002,21002
07.12.2010,33001,32002,31002,21002,21002,21002
06.12.2010,32002,31002,31002,21002,21002,21002
05.12.2010,21002,21002,21002,11001,11001,11001
04.12.2010,21002,21002,21002,11001,11001,11001
03.12.2010,21002,21002,21002,11001,11001,11001
02.12.2010,21002,21002,21002,11001,11001,11001
01.12.2010,21002,21002,21002,11001,11001,11001
30.04.2010,11113,11113,11113,11113,11113,11113
23.04.2010,11113,11113,11113,11113,11113,11113
19.04.2010,21002,21002,21002,11001,11001,21002
19.04.2010,21002,21002,21002,11001,11001,21002
18.04.2010,11001,11001,11001,11001,21002,21002
17.04.2010,11001,11001,11001,11001,21002,21002
17.04.2010,11001,11001,11001,11001,21002,21002
16.04.2010,11001,11001,11001,11001,21002,21002
15.04.2010,11001,11001,11001,11001,21002,21002
15.04.2010,11001,11001,11001,11001,21002,21002
14.04.2010,11001,11001,11001,11001,11001,11001
13.04.2010,11001,11001,11001,11001,11001,11001
12.04.2010,11001,11001,11001,11001,11001,11001
11.04.2010,11001,11001,11001,11001,11001,11001
10.04.2010,11001,11001,11001,11001,11001,11001
09.04.2010,11015,11015,11015,11015,11015,11015
08.04.2010,21010,21010,21010,21010,21010,21010
07.04.2010,21010,21010,21010,21010,21010,21010
06.04.2010,21010,21010,21010,11113,11113,21010
06.04.2010,21010,21010,21010,11113,11113,21010
05.04.2010,21002,21002,31002,11001,11001,21002
05.04.2010,21002,21002,31002,11001,11001,21002
04.04.2010,11001,11001,11001,11001,11001,11001
03.04.2010,21002,21002,21002,11001,11001,21002
02.04.2010,21002,21002,21002,11001,11001,21002
01.04.2010,21002,21002,21002,11104,11104,21002
31.03.2010,21002,21002,21002,11001,11001,21002
30.03.2010,21010,21010,21010,21010,21010,21010
29.03.2010,32002,32002,32002,22001,22001,22001
28.03.2010,22001,22001,22001,22001,22001,22001
27.03.2010,22001,22001,22001,22001,22001,22001
26.03.2010,22113,22113,22113,22113,22113,22113
25.03.2010,11113,11113,11113,11113,11113,11113
24.03.2010,21010,21010,21010,11113,11113,21010
23.03.2010,22015,22015,22015,22015,22015,22015
22.03.2010,23002,23002,23002,23002,23002,23002
21.03.2010,23002,23002,23002,23002,23002,23002
20.03.2010,21010,21010,21010,21010,21010,21010
19.03.2010,22015,22015,22015,22015,22015,22015
18.03.2010,33001,33001,33001,33001,33001,33001
17.03.2010,33001,33001,33001,33001,33001,33001
16.03.2010,33001,33001,33001,33001,33001,43002
16.03.2010,33001,33001,33001,33001,33001,43002
15.03.2010,21100,21100,21100,21100,21100,21100
14.03.2010,21002,21002,21002,21002,21002,21002
13.03.2010,21002,21002,21002,21002,21002,21002
12.03.2010,21002,21002,21002,21002,21002,31002
11.03.2010,31002,21002,31002,21002,21002,31002
10.03.2010,31002,31002,31002,21002,21002,21002
09.03.2010,32002,22001,22001,21002,21002,21002
08.03.2010,32002,32002,32002,32002,32002,32002
07.03.2010,43002,43002,43002,32002,32002,32002
06.03.2010,32010,32010,32010,32010,32010,32010
05.03.2010,21002,21002,22001,21002,21002,21002
04.03.2010,21002,21002,21002,21002,21002,21002
03.03.2010,22001,22001,22001,22001,32002,32002
02.03.2010,22001,22001,22001,22001,22001,22001
01.03.2010,22001,22001,22001,22001,22001,22001
28.02.2010,22001,22001,22001,22001,22001,22001
27.02.2010,22001,22001,22001,22001,22001,32002
26.02.2010,22001,22001,22001,22001,22001,22001
25.02.2010,22001,22001,22001,21010,21010,21010
24.02.2010,22001,22001,22001,21010,21010,21010
23.02.2010,22001,22001,22001,21010,21010,21010
22.02.2010,32002,32002,32002,21010,21010,21010
21.02.2010,32002,32002,32002,31002,21002,31002
20.02.2010,32002,32002,32002,31002,21002,21002
19.02.2010,22001,22001,22001,22001,22001,22001
18.02.2010,22001,22001,22001,22001,22001,22001
17.02.2010,22001,22001,22001,11104,11104,21002
16.02.2010,22001,22001,22001,11104,11104,21002
15.02.2010,22001,22001,22001,11001,11001,21002
14.02.2010,22001,22001,22001,21002,21002,21002
13.02.2010,22001,22001,22001,22001,22001,22001
12.02.2010,22001,22001,22001,22001,22001,22001
11.02.2010,23002,32002,32002,22001,22001,22001
10.02.2010,32002,32002,32002,22001,22001,22001
09.02.2010,32002,32002,32002,22001,22001,32002
08.02.2010,32002,32002,32002,32002,32002,32002
07.02.2010,32002,32002,32002,32002,32002,32002
06.02.2010,32002,32002,32002,32002,32002,32002
05.02.2010,33001,32002,32002,32002,32002,32002
04.02.2010,32010,32010,32010,32010,32010,32010
03.02.2010,32010,32010,32002,32002,32002,32002
02.02.2010,32002,32002,32002,32002,32002,32002
01.02.2010,32002,32002,32002,32002,32002,32002
31.01.2010,32002,32002,32002,32002,32002,32002
30.01.2010,32002,31002,31002,31002,31002,31002
29.01.2010,32002,32002,32002,32002,32002,32002
28.01.2010,31010,31010,31010,21110,21110,21110
27.01.2010,11001,11001,11001,11001,11001,21002
26.01.2010,11001,11001,11001,11001,11001,21002
25.01.2010,11001,11001,11001,11001,11001,11001
24.01.2010,21002,21002,21002,11001,11001,21002
23.01.2010,21010,21010,21010,21002,21002,21002
22.01.2010,21002,21002,21002,21002,21002,21002
21.01.2010,21002,21002,21002,21002,21002,21002
20.01.2010,21002,21002,21002,21002,21002,21002
19.01.2010,31002,31002,31002,21002,31002,31002
18.01.2010,31002,31002,31002,21002,21002,21002
17.01.2010,21100,21100,21100,11001,11001,11001
16.01.2010,21002,21002,21002,11001,11001,11001
15.01.2010,21002,21002,21002,11001,11001,11001
14.01.2010,21002,21002,21002,11001,11001,11001
13.01.2010,21002,11001,21002,11001,11001,11001
12.01.2010,21002,11001,21002,11001,11001,11001
11.01.2010,21002,11001,21002,11001,11001,11001
10.01.2010,21002,11001,21002,11001,11001,11001
09.01.2010,21002,21002,21002,21002,11001,21002
08.01.2010,21002,21002,21002,21002,11001,21002
07.01.2010,21002,21002,21002,21002,11001,21002
06.01.2010,31002,21002,31002,21002,11001,21002
05.01.2010,31002,21002,31002,21002,11001,21002
04.01.2010,32002,32002,32002,22001,22001,22001
03.01.2010,32002,32002,32002,32002,32002,32002
02.01.2010,32002,32002,32002,21110,21110,21110
01.01.2010,21002,11001,21002,11001,11001,11001
31.12.2009,21002,11001,21002,11001,11001,11001
30.12.2009,21100,11104,21100,11001,11001,11001
29.12.2009,21002,11104,21002,11001,11001,11001
28.12.2009,21002,11001,21002,11001,11001,11001
27.12.2009,21002,21002,21002,11001,11001,11001
26.12.2009,22001,22001,22001,21002,21002,21002
25.12.2009,22001,22001,22001,21002,21002,21002
24.12.2009,33001,32010,32010,32002,32002,32002
23.12.2009,33001,33001,33001,33001,32002,32002
22.12.2009,32010,32010,32010,32010,31010,31010
21.12.2009,31002,31002,31002,31002,31002,31002
20.12.2009,31002,11001,31002,11001,11001,31002
19.12.2009,11001,11001,11001,11001,11001,11001
18.12.2009,11001,11001,11001,11001,11001,11001
17.12.2009,11001,11001,11001,11001,11001,11001
16.12.2009,11001,11001,11001,11001,11001,11001
03.05.2009,22001,22001,22001,22001,22001,22001
02.05.2009,22001,22001,22001,22001,22001,22001
01.05.2009,22001,22001,22001,22001,22001,22001
30.04.2009,22001,22001,22001,22001,22001,22001
29.04.2009,22001,22001,22001,22001,22001,22001
29.04.2009,22001,22001,22001,22001,22001,22001
28.04.2009,11113,11113,11113,11113,11113,11113
27.04.2009,11113,11113,11113,11113,11113,11113
26.04.2009,11113,11113,11113,11113,11113,11113
25.04.2009,21010,21010,21010,11113,11113,11113
24.04.2009,11113,11113,22001,11113,11113,11113
24.04.2009,11113,11113,22001,11113,11113,11113
23.04.2009,11113,11113,11113,11113,11113,11113
22.04.2009,11113,11113,11113,11113,11113,11113
21.04.2009,11113,11113,11113,11113,11113,11113
20.04.2009,11113,11113,11113,11113,11113,11113
19.04.2009,11001,11001,11001,11001,11001,11001
18.04.2009,11001,11001,11001,11001,11001,11001
17.04.2009,11001,11001,11001,11001,11001,11001
16.04.2009,22001,22001,22001,22001,22001,22001
15.04.2009,11113,11113,11113,11113,11113,11113
14.04.2009,11113,11113,11113,11113,11113,11113
13.04.2009,11113,11113,11113,11113,11113,11113
12.04.2009,11113,11113,11113,11113,11113,11113
11.04.2009,11113,11113,11113,11113,11113,11113
10.04.2009,11113,11113,11113,11113,11113,11113
09.04.2009,11113,11113,11113,11113,11113,11113
08.04.2009,11113,11113,11113,11113,11113,11113
07.04.2009,11113,11113,11113,11113,11113,11113
06.04.2009,22113,22113,22113,22113,22113,22113
05.04.2009,22113,22113,22113,22113,22113,22113
04.04.2009,33001,33001,33001,33001,33001,33001
03.04.2009,33001,33001,33001,33001,33001,33001
02.04.2009,22113,22113,22113,22113,22113,22113
01.04.2009,22113,22113,22113,22113,22113,22113
31.03.2009,22113,22113,22113,22113,22113,22113
30.03.2009,22001,22001,22001,22001,22001,22001
29.03.2009,22001,22001,22001,22001,22001,22001
28.03.2009,43002,33001,33001,33001,33001,33001
27.03.2009,43002,32002,32002,32002,32002,32002
26.03.2009,43002,32002,32002,32002,32002,32002
25.03.2009,32002,32002,32002,32002,32002,32002
24.03.2009,32002,32002,32002,32002,32002,32002
23.03.2009,31002,31002,31002,31002,31002,31002
22.03.2009,21010,21010,21010,21002,21002,21002
21.03.2009,21010,21010,32002,21010,21010,21010
20.03.2009,32002,22001,32002,32002,22001,22001
19.03.2009,21002,21002,21002,21002,21002,21002
18.03.2009,22001,22001,22001,22001,22001,22001
17.03.2009,22015,22015,22015,22015,22015,22015
16.03.2009,23002,23002,23002,23002,23002,23002
15.03.2009,34002,34002,34002,34002,34002,34002
14.03.2009,33104,33104,33113,33113,33113,44001
13.03.2009,33001,33001,44001,44001,44001,44104
13.03.2009,33001,33001,44001,44001,44001,44104
12.03.2009,42002,42002,42002,32002,32002,42002
11.03.2009,43002,43002,43002,43002,43002,43002
10.03.2009,32002,32002,32002,32002,32002,32002
09.03.2009,31002,31002,31002,31002,31002,31002
08.03.2009,31002,31002,31002,31002,31002,31002
07.03.2009,32002,32002,32002,32002,32002,32002
06.03.2009,21002,21002,21002,21002,21002,21002
05.03.2009,32002,22001,32002,22001,22001,32002
04.03.2009,22001,22001,22001,22001,22001,22001
03.03.2009,23002,23002,23002,23002,23002,23002
02.03.2009,33001,33001,33001,33001,33001,33001
01.03.2009,33113,33113,33113,33113,33113,33113
28.02.2009,33113,33113,33113,33113,33113,44001
27.02.2009,33001,33001,33001,33001,33001,33001
26.02.2009,33015,33015,33015,33015,33015,33015
25.02.2009,44104,44104,44104,44104,44104,44104
24.02.2009,44001,44001,44001,44001,44001,44001
24.02.2009,44001,44001,44001,44001,44001,44001
23.02.2009,33001,33001,33001,33001,33001,33001
22.02.2009,32110,32110,32110,32110,32110,32110
21.02.2009,32002,32002,32002,32002,32002,32002
20.02.2009,32002,32002,32002,32002,32002,32002
19.02.2009,32002,32002,32002,32002,32002,32002
18.02.2009,43002,43002,43002,43002,43002,43002
17.02.2009,43002,43002,43002,43002,43002,43002
17.02.2009,43002,43002,43002,43002,43002,43002
16.02.2009,32002,32002,32002,32002,32002,32002
15.02.2009,42002,42002,42002,42002,42002,42002
14.02.2009,42002,42002,42002,42002,42002,42002
13.02.2009,32002,32002,32002,32002,32002,32002
12.02.2009,33001,33001,33001,33001,33001,33001
11.02.2009,33001,31010,31010,31010,31010,31010
10.02.2009,32002,32002,32002,32002,32002,32002
09.02.2009,31002,31002,31002,31002,31002,31002
08.02.2009,21100,21100,21100,21002,21002,21002
07.02.2009,21110,21110,21002,21002,21002,21002
06.02.2009,21002,21002,21002,21002,21002,21002
05.02.2009,21100,21100,21002,21002,21002,21002
04.02.2009,21100,21100,21002,21002,21002,21002
03.02.2009,21002,21002,21002,21002,31002,31002
02.02.2009,21002,21002,21002,21002,31002,31002
01.02.2009,21002,21002,21002,11001,11001,21002
31.01.2009,21002,21002,21002,11001,11001,21002
30.01.2009,21002,21002,21002,11001,11001,21002
29.01.2009,21002,21002,21002,11001,11001,11001
28.01.2009,21002,21002,21002,11001,11001,11001
27.01.2009,21002,21002,21002,11001,11001,11001
26.01.2009,21002,21002,21002,11001,11001,11001
25.01.2009,31002,31002,31002,21002,21002,21002
24.01.2009,31002,31002,31002,31002,31002,31002
23.01.2009,31010,31010,31010,31010,21110,21110
22.01.2009,32002,32002,32002,32002,22001,22001
21.01.2009,32002,32002,32002,32002,22001,22001
20.01.2009,32002,21110,21110,21110,21110,21110
19.01.2009,21110,21110,21110,21110,21110,21110
18.01.2009,11001,11001,11001,11001,11001,11001
17.01.2009,11001,11001,11001,11001,11001,11001
16.01.2009,11001,11001,11001,11001,11001,11001
15.01.2009,11001,11001,11001,11001,11001,11001
14.01.2009,11001,11001,11001,11001,11001,11001
13.01.2009,11001,11001,11001,11001,11001,11001
12.01.2009,11001,11001,11001,11001,11001,11001
11.01.2009,11001,11001,11001,11001,11001,11001
10.01.2009,11001,11001,11001,11001,11001,11001
09.01.2009,11001,11001,11001,11001,11001,11001
08.01.2009,11001,11001,11001,11001,11001,11001
07.01.2009,11001,11001,11001,11001,11001,11001
06.01.2009,11001,11001,11001,11001,11001,11001
05.01.2009,11001,11001,11001,11001,11001,11001
04.01.2009,11001,11001,11001,11001,11001,11001
03.01.2009,11001,11001,11001,11001,11001,11001
02.01.2009,11001,11001,11001,11001,11001,11001
01.01.2009,11001,11001,11001,11001,11001,11001
31.12.2008,11001,11001,11001,11001,11001,11001
30.12.2008,11001,11001,11001,11001,11001,11001
29.12.2008,11001,11001,11001,11001,11001,11001
28.12.2008,11001,11001,11001,11001,11001,11001
27.12.2008,21002,21002,21002,11001,11001,21002
26.12.2008,21002,21002,21002,11001,11001,21002
25.12.2008,21002,21002,21002,21002,21002,21002
24.12.2008,21002,21002,21002,21002,22001,22001
23.12.2008,32002,32002,32002,22001,22001,32002
22.12.2008,33001,33001,33001,33001,33001,33001
21.12.2008,43002,33001,43002,33001,33001,43002
20.12.2008,32100,32002,32100,32002,32100,32100
19.12.2008,21002,11001,11001,11001,11001,11001
18.12.2008,21002,11001,11001,11001,11104,11104
17.12.2008,21010,11113,11001,11001,11001,11001
16.12.2008,21002,11001,11001,11001,11001,11001
15.12.2008,21010,21010,21010,21010,21010,21010
14.12.2008,21010,21010,21010,21010,21010,21010
13.12.2008,21002,21002,21002,11001,11001,21002
12.12.2008,21002,21002,21002,11001,11001,21002
11.12.2008,21002,21002,21002,11001,11001,21002
10.12.2008,21002,21002,21002,11001,11001,21002
09.05.2008,11001,11001,11001,11001,11001,11001
06.05.2008,12002,12002,12002,12002,12002,12002
05.05.2008,12002,12002,12002,12002,12002,12002
04.05.2008,12002,12002,12002,12002,12002,12002
03.05.2008,22001,22001,22001,22001,22001,22001
02.05.2008,22001,22001,11001,11001,11001,11001
01.05.2008,22001,22001,22001,11001,11001,11001
30.04.2008,11001,11001,11001,11001,11001,11001
29.04.2008,33001,33001,33001,33001,33001,33001
28.04.2008,22001,22001,22001,22001,22001,22001
27.04.2008,22001,22001,22001,22001,22001,22001
26.04.2008,22001,22001,32002,22001,22001,32002
25.04.2008,22001,22001,22001,22001,22001,22001
24.04.2008,32002,32002,32002,22001,22001,22001
23.04.2008,33001,33001,33001,33001,33001,33001
22.04.2008,33001,33001,33001,33001,33001,33001
21.04.2008,11001,11001,11001,11001,11001,11001
20.04.2008,11001,11001,11001,11001,11001,11001
19.04.2008,21002,21002,21002,21002,21002,21002
18.04.2008,22001,22001,22001,21002,21002,21002
17.04.2008,32002,32002,32002,21002,21002,11001
16.04.2008,32002,32002,32002,21002,21002,11001
15.04.2008,11001,11001,11001,11001,11001,11001
14.04.2008,11001,11001,11001,11001,11001,11001
13.04.2008,21002,21002,21002,21002,21002,21002
12.04.2008,23002,23002,23002,23002,23002,23002
11.04.2008,22001,22001,22001,22001,22001,22001
10.04.2008,22001,22001,22001,22001,22001,22001
09.04.2008,32002,32002,32002,32002,32002,32002
08.04.2008,33001,33001,33001,33001,33001,33001
07.04.2008,32002,32002,32002,32002,21002,21002
06.04.2008,21002,21002,21002,21002,21002,21002
05.04.2008,32002,32002,32002,32002,32002,32002
04.04.2008,33001,33001,33001,33001,33001,33001
03.04.2008,33001,33001,33001,33001,33001,33001
02.04.2008,22001,22001,22001,22001,22001,22001
01.04.2008,22001,22001,22001,22001,22001,22001
31.03.2008,21002,21002,21002,21002,21002,21002
30.03.2008,22001,22001,22001,22001,22001,22001
29.03.2008,32002,32002,32002,22001,22001,22001
28.03.2008,32002,32002,32002,22001,22001,32002
27.03.2008,33001,33001,33001,32002,32002,32002
26.03.2008,43002,43002,43002,43002,43002,43002
25.03.2008,32002,32002,32002,32002,32002,32002
24.03.2008,31002,31002,31002,21002,21002,31002
23.03.2008,32002,32002,32002,32002,32002,32002
22.03.2008,42002,32002,32002,32002,32002,32002
21.03.2008,32002,32002,32002,32002,32002,32002
20.03.2008,21002,21002,21002,21002,21002,21002
19.03.2008,21002,21002,21002,21002,21002,21002
18.03.2008,31002,21002,21002,21002,21002,21002
17.03.2008,31002,21002,21002,21002,21002,31002
16.03.2008,22001,22001,22001,22001,22001,22001
15.03.2008,32002,32002,32002,33001,33001,33001
14.03.2008,32002,32002,32002,22001,22001,32002
13.03.2008,42002,32002,32002,22001,22001,32002
12.03.2008,22001,22001,22001,22001,22001,22001
11.03.2008,21002,21002,21002,21002,21002,21002
10.03.2008,21002,21002,21002,11001,11001,21002
09.03.2008,21002,21002,21002,11001,11001,21002
08.03.2008,21002,21002,21002,21002,21002,21002
07.03.2008,32002,32002,32002,22001,22001,32002
06.03.2008,32002,32002,32002,32002,32002,32002
05.03.2008,32002,32002,32002,21002,21002,21002
04.03.2008,21002,21002,21002,21002,21002,21002
03.03.2008,22001,22001,22001,22001,22001,22001
02.03.2008,22001,22001,22001,22001,22001,22001
01.03.2008,23002,23002,23002,23002,23002,23002
29.02.2008,22001,22001,22001,22001,22001,22001
28.02.2008,22001,22001,22001,22001,22001,22001
27.02.2008,22001,22001,22001,22001,22001,22001
26.02.2008,22001,22001,22001,22001,22001,22001
25.02.2008,12002,12002,12002,22001,22001,22001
24.02.2008,11001,11001,11001,11001,11001,21002
23.02.2008,12002,12002,12002,22001,22001,12002
22.02.2008,12002,12002,12002,12002,12002,12002
21.02.2008,11001,11001,11001,11001,11001,11001
20.02.2008,11001,11001,11001,11001,11001,11001
19.02.2008,11001,11001,11001,11001,11001,11001
18.02.2008,11001,11001,11001,11001,11001,11001
17.02.2008,11001,11001,11001,11001,11001,11001
16.02.2008,11001,11001,11001,11001,11001,11001
15.02.2008,21002,21002,21002,11001,11001,21002
14.02.2008,21002,21002,21002,11001,11001,21002
13.02.2008,21002,21002,21002,11001,11001,21002
12.02.2008,21002,21002,21002,11001,11001,21002
11.02.2008,21002,21002,21002,11001,11001,21002
10.02.2008,21002,21002,21002,21002,21002,21002
09.02.2008,21002,21002,21002,21002,21002,21002
08.02.2008,31002,31002,31002,31002,31002,31002
07.02.2008,32002,32002,32002,32002,32002,32002
06.02.2008,21002,21002,21002,21002,21002,21002
05.02.2008,31002,31002,31002,31002,31002,31002
04.02.2008,31002,31002,31002,31002,31002,31002
03.02.2008,31002,31002,31002,31002,31002,31002
02.02.2008,33001,,,,,
01.02.2008,22001,,,,,
31.01.2008,11001,,,,,
30.01.2008,11001,,,,,
29.01.2008,22001,,,,,
28.01.2008,33001,,,,,
27.01.2008,33001,,,,,
26.01.2008,22001,,,,,
25.01.2008,22001,,,,,
24.01.2008,33001,,,,,
23.01.2008,33001,,,,,
22.01.2008,22001,,,,,
21.01.2008,22001,,,,,
20.01.2008,22001,,,,,
19.01.2008,33001,,,,,
18.01.2008,22001,,,,,
17.01.2008,22001,,,,,
16.01.2008,22001,,,,,
15.01.2008,22001,,,,,
14.01.2008,22001,,,,,
13.01.2008,33001,,,,,
12.01.2008,22001,,,,,
11.01.2008,22001,,,,,
10.01.2008,22001,,,,,
09.01.2008,22001,,,,,
08.01.2008,33001,,,,,
07.01.2008,33001,,,,,
06.01.2008,33001,,,,,
05.01.2008,33001,,,,,
04.01.2008,33001,,,,,
03.01.2008,22001,,,,,
02.01.2008,22001,,,,,
01.01.2008,33001,,,,,
31.12.2007,11001,,,,,
30.12.2007,11001,,,,,
29.12.2007,11001,,,,,
28.12.2007,11001,,,,,
27.12.2007,11001,,,,,
26.12.2007,11001,,,,,
25.12.2007,11001,,,,,
24.12.2007,11001,,,,,
23.12.2007,22001,,,,,
22.12.2007,22001,,,,,
21.12.2007,22001,,,,,
20.12.2007,22001,,,,,
19.12.2007,33001,,,,,
18.12.2007,33001,,,,,
17.12.2007,22001,,,,,
16.12.2007,22001,,,,,
15.12.2007,22001,,,,,
14.12.2007,33001,,,,,
13.12.2007,33001,,,,,
12.12.2007,33001,,,,,
11.12.2007,33001,,,,,
10.12.2007,22001,,,,,
09.12.2007,33001,,,,,
08.12.2007,33001,,,,,
07.12.2007,22001,,,,,
06.12.2007,22001,,,,,
05.12.2007,33001,,,,,
04.12.2007,33001,,,,,
03.12.2007,22001,,,,,
02.12.2007,22001,,,,,
01.12.2007,22001,,,,,
30.11.2007,22001,,,,,
29.11.2007,22001,,,,,
28.11.2007,33001,,,,,
27.11.2007,33001,,,,,
27.11.2007,33001,,,,,
26.11.2007,22001,,,,,
25.11.2007,22001,,,,,
24.11.2007,22001,,,,,
23.11.2007,22001,,,,,
22.11.2007,33001,,,,,
21.11.2007,22001,,,,,
20.11.2007,22001,,,,,
19.11.2007,22001,,,,,
18.11.2007,22001,,,,,
17.11.2007,33001,,,,,
16.11.2007,33001,,,,,
15.11.2007,44001,,,,,
14.11.2007,33001,,,,,
13.11.2007,33001,,,,,
12.11.2007,33001,,,,,
11.11.2007,44001,,,,,
10.11.2007,33001,,,,,
15.04.2007,22001,,,,,
14.04.2007,22001,,,,,
13.04.2007,22001,,,,,
12.04.2007,22001,,,,,
11.04.2007,22001,,,,,
10.04.2007,22001,,,,,
09.04.2007,11001,,,,,
08.04.2007,22001,,,,,
07.04.2007,11001,,,,,
06.04.2007,11001,,,,,
05.04.2007,22001,,,,,
04.04.2007,22001,,,,,
03.04.2007,11001,,,,,
02.04.2007,11001,,,,,
01.04.2007,11001,,,,,
31.03.2007,11001,,,,,
30.03.2007,11001,,,,,
29.03.2007,11001,,,,,
28.03.2007,22001,,,,,
27.03.2007,22001,,,,,
26.03.2007,33001,,,,,
25.03.2007,22001,,,,,
24.03.2007,22001,,,,,
23.03.2007,33001,,,,,
22.03.2007,33001,,,,,
21.03.2007,44001,,,,,
20.03.2007,33001,,,,,
19.03.2007,22001,,,,,
18.03.2007,11001,,,,,
17.03.2007,11001,,,,,
16.03.2007,11001,,,,,
15.03.2007,11001,,,,,
14.03.2007,22001,,,,,
13.03.2007,22001,,,,,
12.03.2007,22001,,,,,
11.03.2007,33001,,,,,
10.03.2007,22001,,,,,
09.03.2007,22001,,,,,
08.03.2007,22001,,,,,
07.03.2007,22001,,,,,
06.03.2007,22001,,,,,
05.03.2007,22001,,,,,
04.03.2007,33001,,,,,
03.03.2007,44001,,,,,
02.03.2007,33001,,,,,
01.03.2007,22001,,,,,
28.02.2007,33001,,,,,
27.02.2007,33001,,,,,
26.02.2007,33001,,,,,
25.02.2007,11001,,,,,
24.02.2007,11001,,,,,
23.02.2007,11001,,,,,
22.02.2007,11001,,,,,
21.02.2007,11001,,,,,
20.02.2007,11001,,,,,
19.02.2007,22001,,,,,
18.02.2007,22001,,,,,
17.02.2007,22001,,,,,
16.02.2007,22001,,,,,
15.02.2007,33001,,,,,
14.02.2007,33001,,,,,
13.02.2007,33001,,,,,
12.02.2007,33001,,,,,
11.02.2007,22001,,,,,
10.02.2007,22001,,,,,
09.02.2007,33001,,,,,
08.02.2007,33001,,,,,
07.02.2007,33001,,,,,
06.02.2007,22001,,,,,
05.02.2007,22001,,,,,
04.02.2007,22001,,,,,
03.02.2007,22001,,,,,
02.02.2007,22001,,,,,
01.02.2007,22001,,,,,
31.01.2007,22001,,,,,
30.01.2007,22001,,,,,
29.01.2007,33001,,,,,
28.01.2007,33001,,,,,
27.01.2007,22001,,,,,
26.01.2007,22001,,,,,
25.01.2007,33001,,,,,
24.01.2007,33001,,,,,
23.01.2007,22001,,,,,
22.01.2007,11001,,,,,
21.01.2007,22001,,,,,
20.01.2007,22001,,,,,
19.01.2007,11001,,,,,
18.01.2007,11001,,,,,
17.01.2007,11001,,,,,
16.01.2007,11001,,,,,
15.01.2007,22001,,,,,
14.01.2007,22001,,,,,
13.01.2007,22001,,,,,
12.01.2007,22001,,,,,
11.01.2007,22001,,,,,
10.01.2007,22001,,,,,
09.01.2007,22001,,,,,
08.01.2007,22001,,,,,
07.01.2007,22001,,,,,
06.01.2007,22001,,,,,
05.01.2007,22001,,,,,
04.01.2007,33001,,,,,
03.01.2007,33001,,,,,
02.01.2007,22001,,,,,
03.05.2006,22001,,,,,
03.05.2006,22001,,,,,
02.05.2006,22001,,,,,
01.05.2006,22001,,,,,
30.04.2006,33001,,,,,
29.04.2006,22001,,,,,
28.04.2006,22001,,,,,
27.04.2006,22001,,,,,
26.04.2006,22001,,,,,
25.04.2006,11001,,,,,
24.04.2006,11001,,,,,
23.04.2006,22001,,,,,
22.04.2006,22001,,,,,
21.04.2006,22001,,,,,
20.04.2006,22001,,,,,
19.04.2006,22001,,,,,
18.04.2006,22001,,,,,
17.04.2006,22001,,,,,
16.04.2006,33001,,,,,
15.04.2006,33001,,,,,
14.04.2006,33001,,,,,
13.04.2006,33001,,,,,
12.04.2006,33001,,,,,
11.04.2006,33001,,,,,
10.04.2006,11001,,,,,
09.04.2006,11001,,,,,
08.04.2006,11001,,,,,
07.04.2006,22001,,,,,
06.04.2006,22001,,,,,
05.04.2006,22001,,,,,
04.04.2006,33001,,,,,
03.04.2006,22001,,,,,
02.04.2006,33001,,,,,
01.04.2006,33001,,,,,
31.03.2006,33001,,,,,
30.03.2006,22001,,,,,
29.03.2006,22001,,,,,
28.03.2006,33001,,,,,
27.03.2006,33001,,,,,
26.03.2006,33001,,,,,
25.03.2006,22001,,,,,
24.03.2006,22001,,,,,
23.03.2006,22001,,,,,
22.03.2006,22001,,,,,
21.03.2006,22001,,,,,
20.03.2006,22001,,,,,
19.03.2006,22001,,,,,
18.03.2006,22001,,,,,
17.03.2006,22001,,,,,
16.03.2006,22001,,,,,
15.03.2006,22001,,,,,
14.03.2006,33001,,,,,
13.03.2006,33001,,,,,
12.03.2006,44001,,,,,
11.03.2006,33001,,,,,
10.03.2006,33001,,,,,
09.03.2006,44001,,,,,
08.03.2006,33001,,,,,
07.03.2006,33001,,,,,
06.03.2006,44001,,,,,
05.03.2006,44001,,,,,
04.03.2006,44001,,,,,
03.03.2006,33001,,,,,
02.03.2006,33001,,,,,
01.03.2006,33001,,,,,
28.02.2006,22001,,,,,
27.02.2006,22001,,,,,
26.02.2006,22001,,,,,
25.02.2006,22001,,,,,
24.02.2006,22001,,,,,
23.02.2006,22001,,,,,
22.02.2006,33001,,,,,
21.02.2006,33001,,,,,
20.02.2006,33001,,,,,
19.02.2006,33001,,,,,
18.02.2006,33001,,,,,
17.02.2006,33001,,,,,
16.02.2006,33001,,,,,
16.02.2006,33001,,,,,
15.02.2006,22001,,,,,
14.02.2006,33001,,,,,
13.02.2006,33001,,,,,
12.02.2006,33001,,,,,
11.02.2006,44001,,,,,
10.02.2006,44001,,,,,
09.02.2006,33001,,,,,
08.02.2006,33001,,,,,
07.02.2006,33001,,,,,
06.02.2006,11001,,,,,
05.02.2006,11001,,,,,
04.02.2006,11001,,,,,
03.02.2006,22001,,,,,
02.02.2006,22001,,,,,
01.02.2006,22001,,,,,
31.01.2006,33001,,,,,
30.01.2006,33001,,,,,
29.01.2006,33001,,,,,
28.01.2006,33001,,,,,
27.01.2006,22001,,,,,
26.01.2006,33001,,,,,
25.01.2006,33001,,,,,
24.01.2006,33001,,,,,
23.01.2006,33001,,,,,
22.01.2006,33001,,,,,
22.01.2006,33001,,,,,
21.01.2006,33001,,,,,
20.01.2006,33001,,,,,
19.01.2006,44001,,,,,
18.01.2006,33001,,,,,
17.01.2006,22001,,,,,
16.01.2006,22001,,,,,
15.01.2006,22001,,,,,
14.01.2006,11001,,,,,
13.01.2006,11001,,,,,
12.01.2006,11001,,,,,
11.01.2006,11001,,,,,
10.01.2006,11001,,,,,
09.01.2006,22001,,,,,
08.01.2006,22001,,,,,
07.01.2006,22001,,,,,
06.01.2006,33001,,,,,
05.01.2006,33001,,,,,
04.01.2006,33001,,,,,
03.01.2006,44001,,,,,
02.01.2006,33001,,,,,
01.01.2006,33001,,,,,
31.12.2005,33001,,,,,
30.12.2005,11001,,,,,
29.12.2005,22001,,,,,
28.12.2005,22001,,,,,
27.12.2005,22001,,,,,
26.12.2005,22001,,,,,
25.12.2005,33001,,,,,
24.12.2005,22001,,,,,
23.12.2005,22001,,,,,
22.12.2005,22001,,,,,
21.12.2005,33001,,,,,
20.12.2005,33001,,,,,
19.12.2005,44001,,,,,
18.12.2005,44001,,,,,
17.12.2005,44001,,,,,
16.12.2005,22001,,,,,
15.12.2005,22001,,,,,
14.12.2005,22001,,,,,
13.12.2005,22001,,,,,
12.12.2005,22001,,,,,
11.12.2005,22001,,,,,
10.12.2005,22001,,,,,
09.12.2005,22001,,,,,
08.12.2005,22001,,,,,
02.05.2005,22001,,,,,
01.05.2005,22001,,,,,
30.04.2005,22001,,,,,
29.04.2005,22001,,,,,
28.04.2005,22001,,,,,
28.04.2005,22001,,,,,
27.04.2005,22001,,,,,
26.04.2005,22001,,,,,
25.04.2005,22001,,,,,
25.04.2005,22001,,,,,
24.04.2005,22001,,,,,
23.04.2005,22001,,,,,
22.04.2005,22001,,,,,
21.04.2005,33001,,,,,
20.04.2005,33001,,,,,
19.04.2005,22001,,,,,
18.04.2005,22001,,,,,
16.04.2005,22001,,,,,
14.04.2005,22001,,,,,
13.04.2005,22001,,,,,
12.04.2005,22001,,,,,
11.04.2005,22001,,,,,
10.04.2005,33001,,,,,
09.04.2005,22001,,,,,
08.04.2005,11001,,,,,
07.04.2005,11001,,,,,
06.04.2005,11001,,,,,
05.04.2005,11001,,,,,
04.04.2005,11001,,,,,
03.04.2005,11001,,,,,
02.04.2005,11001,,,,,
01.04.2005,11001,,,,,
31.03.2005,22001,,,,,
30.03.2005,22001,,,,,
29.03.2005,22001,,,,,
28.03.2005,22001,,,,,
27.03.2005,22001,,,,,
26.03.2005,22001,,,,,
25.03.2005,22001,,,,,
24.03.2005,22001,,,,,
23.03.2005,33001,,,,,
22.03.2005,22001,,,,,
21.03.2005,22001,,,,,
20.03.2005,33001,,,,,
19.03.2005,44001,,,,,
18.03.2005,33001,,,,,
17.03.2005,33001,,,,,
16.03.2005,33001,,,,,
15.03.2005,33001,,,,,
14.03.2005,33001,,,,,
13.03.2005,44001,,,,,
12.03.2005,44001,,,,,
11.03.2005,44001,,,,,
10.03.2005,44001,,,,,
09.03.2005,33001,,,,,
08.03.2005,33001,,,,,
07.03.2005,33001,,,,,
06.03.2005,22001,,,,,
05.03.2005,22001,,,,,
04.03.2005,22001,,,,,
03.03.2005,22001,,,,,
02.03.2005,22001,,,,,
01.03.2005,33001,,,,,
28.02.2005,33001,,,,,
27.02.2005,11001,,,,,
26.02.2005,11001,,,,,
25.02.2005,11001,,,,,
24.02.2005,11001,,,,,
23.02.2005,22001,,,,,
22.02.2005,22001,,,,,
21.02.2005,22001,,,,,
20.02.2005,22001,,,,,
19.02.2005,22001,,,,,
18.02.2005,33001,,,,,
17.02.2005,44001,,,,,
16.02.2005,33001,,,,,
15.02.2005,33001,,,,,
14.02.2005,33001,,,,,
13.02.2005,33001,,,,,
12.02.2005,33001,,,,,
11.02.2005,33001,,,,,
10.02.2005,11001,,,,,
09.02.2005,11001,,,,,
08.02.2005,11001,,,,,
07.02.2005,22001,,,,,
06.02.2005,22001,,,,,
05.02.2005,33001,,,,,
04.02.2005,33001,,,,,
03.02.2005,44001,,,,,
02.02.2005,44001,,,,,
01.02.2005,33001,,,,,
31.01.2005,22001,,,,,
30.01.2005,22001,,,,,
29.01.2005,22001,,,,,
28.01.2005,33001,,,,,
27.01.2005,33001,,,,,
26.01.2005,33001,,,,,
25.01.2005,44001,,,,,
24.01.2005,33001,,,,,
23.01.2005,33001,,,,,
22.01.2005,33001,,,,,
21.01.2005,33001,,,,,
20.01.2005,22001,,,,,
19.01.2005,22001,,,,,
18.01.2005,11001,,,,,
17.01.2005,11001,,,,,
16.01.2005,11001,,,,,
15.01.2005,22001,,,,,
14.01.2005,22001,,,,,
13.01.2005,22001,,,,,
12.01.2005,22001,,,,,
11.01.2005,22001,,,,,
10.01.2005,22001,,,,,
09.01.2005,22001,,,,,
08.01.2005,22001,,,,,
07.01.2005,33001,,,,,
06.01.2005,22001,,,,,
05.01.2005,33001,,,,,
04.01.2005,33001,,,,,
03.01.2005,33001,,,,,
02.01.2005,22001,,,,,
01.01.2005,33001,,,,,
31.12.2004,33001,,,,,
30.12.2004,33001,,,,,
29.12.2004,33001,,,,,
28.12.2004,22001,,,,,
27.12.2004,22001,,,,,
26.12.2004,22001,,,,,
25.12.2004,22001,,,,,
24.12.2004,22001,,,,,
23.12.2004,33001,,,,,
22.12.2004,33001,,,,,
21.12.2004,33001,,,,,
20.12.2004,33001,,,,,
19.12.2004,33001,,,,,
18.12.2004,22001,,,,,
17.12.2004,11001,,,,,
02.05.2004,11001,,,,,
01.05.2004,11001,,,,,
30.04.2004,11001,,,,,
29.04.2004,11001,,,,,
28.04.2004,11001,,,,,
27.04.2004,11001,,,,,
26.04.2004,11001,,,,,
25.04.2004,22001,,,,,
24.04.2004,33001,,,,,
23.04.2004,22001,,,,,
22.04.2004,22001,,,,,
21.04.2004,33001,,,,,
20.04.2004,22001,,,,,
19.04.2004,22001,,,,,
18.04.2004,22001,,,,,
17.04.2004,22001,,,,,
16.04.2004,22001,,,,,
15.04.2004,22001,,,,,
14.04.2004,22001,,,,,
13.04.2004,22001,,,,,
12.04.2004,22001,,,,,
11.04.2004,33001,,,,,
10.04.2004,22001,,,,,
09.04.2004,22001,,,,,
08.04.2004,22001,,,,,
07.04.2004,22001,,,,,
06.04.2004,22001,,,,,
05.04.2004,22001,,,,,
04.04.2004,22001,,,,,
03.04.2004,22001,,,,,
02.04.2004,22001,,,,,
01.04.2004,22001,,,,,
31.03.2004,22001,,,,,
30.03.2004,33001,,,,,
29.03.2004,33001,,,,,
28.03.2004,33001,,,,,
27.03.2004,33001,,,,,
26.03.2004,44001,,,,,
25.03.2004,44001,,,,,
24.03.2004,33001,,,,,
23.03.2004,22001,,,,,
22.03.2004,22001,,,,,
21.03.2004,22001,,,,,
20.03.2004,22001,,,,,
19.03.2004,22001,,,,,
18.03.2004,22001,,,,,
17.03.2004,22001,,,,,
16.03.2004,22001,,,,,
15.03.2004,22001,,,,,
14.03.2004,33001,,,,,
13.03.2004,22001,,,,,
12.03.2004,22001,,,,,
11.03.2004,22001,,,,,
10.03.2004,22001,,,,,
09.03.2004,22001,,,,,
08.03.2004,22001,,,,,
07.03.2004,22001,,,,,
06.03.2004,22001,,,,,
05.03.2004,22001,,,,,
04.03.2004,33001,,,,,
03.03.2004,22001,,,,,
02.03.2004,22001,,,,,
01.03.2004,22001,,,,,
01.03.2004,22001,,,,,
29.02.2004,11001,,,,,
28.02.2004,22001,,,,,
27.02.2004,22001,,,,,
26.02.2004,22001,,,,,
25.02.2004,33001,,,,,
24.02.2004,33001,,,,,
23.02.2004,11001,,,,,
22.02.2004,11001,,,,,
21.02.2004,11001,,,,,
20.02.2004,22001,,,,,
19.02.2004,11001,,,,,
18.02.2004,11001,,,,,
17.02.2004,22001,,,,,
16.02.2004,22001,,,,,
15.02.2004,22001,,,,,
14.02.2004,22001,,,,,
13.02.2004,33001,,,,,
12.02.2004,33001,,,,,
11.02.2004,33001,,,,,
10.02.2004,33001,,,,,
09.02.2004,33001,,,,,
08.02.2004,22001,,,,,
07.02.2004,22001,,,,,
06.02.2004,11001,,,,,
05.02.2004,11001,,,,,
04.02.2004,11001,,,,,
03.02.2004,22001,,,,,
02.02.2004,22001,,,,,
01.02.2004,22001,,,,,
31.01.2004,22001,,,,,
30.01.2004,33001,,,,,
29.01.2004,33001,,,,,
28.01.2004,33001,,,,,
27.01.2004,33001,,,,,
26.01.2004,33001,,,,,
25.01.2004,33001,,,,,
24.01.2004,22001,,,,,
23.01.2004,22001,,,,,
22.01.2004,33001,,,,,
21.01.2004,44001,,,,,
20.01.2004,33001,,,,,
19.01.2004,22001,,,,,
18.01.2004,22001,,,,,
17.01.2004,22001,,,,,
16.01.2004,33001,,,,,
15.01.2004,33001,,,,,
14.01.2004,33001,,,,,
13.01.2004,33001,,,,,
12.01.2004,33001,,,,,
11.01.2004,33001,,,,,
10.01.2004,33001,,,,,
09.01.2004,22001,,,,,
08.01.2004,22001,,,,,
07.01.2004,33001,,,,,
06.01.2004,33001,,,,,
05.01.2004,33001,,,,,
04.01.2004,11001,,,,,
03.01.2004,11001,,,,,
02.01.2004,11001,,,,,
01.01.2004,11001,,,,,
31.12.2003,11001,,,,,
30.12.2003,11001,,,,,
29.12.2003,11001,,,,,
28.12.2003,11001,,,,,
27.12.2003,11001,,,,,
26.12.2003,22001,,,,,
25.12.2003,22001,,,,,
24.12.2003,22001,,,,,
23.12.2003,33001,,,,,
22.12.2003,33001,,,,,
21.12.2003,22001,,,,,
20.12.2003,22001,,,,,
19.12.2003,22001,,,,,
18.12.2003,33001,,,,,
17.12.2003,44001,,,,,
16.12.2003,33001,,,,,
05.05.2003,00001,,,,,
28.04.2003,22001,,,,,
27.04.2003,22001,,,,,
25.04.2003,22001,,,,,
22.04.2003,22001,,,,,
21.04.2003,11001,,,,,
20.04.2003,11001,,,,,
19.04.2003,11001,,,,,
18.04.2003,11001,,,,,
17.04.2003,22001,,,,,
16.04.2003,22001,,,,,
15.04.2003,22001,,,,,
14.04.2003,22001,,,,,
13.04.2003,22001,,,,,
12.04.2003,22001,,,,,
11.04.2003,22001,,,,,
10.04.2003,22001,,,,,
09.04.2003,22001,,,,,
08.04.2003,33001,,,,,
07.04.2003,33001,,,,,
06.04.2003,33001,,,,,
05.04.2003,22001,,,,,
04.04.2003,33001,,,,,
03.04.2003,22001,,,,,
02.04.2003,11001,,,,,
01.04.2003,11001,,,,,
31.03.2003,33001,,,,,
30.03.2003,22001,,,,,
29.03.2003,22001,,,,,
28.03.2003,11001,,,,,
27.03.2003,11001,,,,,
26.03.2003,11001,,,,,
25.03.2003,11001,,,,,
24.03.2003,11001,,,,,
23.03.2003,11001,,,,,
22.03.2003,11001,,,,,
21.03.2003,11001,,,,,
20.03.2003,11001,,,,,
19.03.2003,11001,,,,,
18.03.2003,22001,,,,,
17.03.2003,22001,,,,,
16.03.2003,22001,,,,,
15.03.2003,33001,,,,,
14.03.2003,33001,,,,,
13.03.2003,22001,,,,,
12.03.2003,22001,,,,,
11.03.2003,22001,,,,,
10.03.2003,22001,,,,,
09.03.2003,22001,,,,,
08.03.2003,22001,,,,,
07.03.2003,22001,,,,,
06.03.2003,22001,,,,,
05.03.2003,11001,,,,,
04.03.2003,11001,,,,,
03.03.2003,22001,,,,,
02.03.2003,22001,,,,,
01.03.2003,22001,,,,,
28.02.2003,11001,,,,,
27.02.2003,11001,,,,,
26.02.2003,11001,,,,,
25.02.2003,22001,,,,,
24.02.2003,22001,,,,,
23.02.2003,22001,,,,,
22.02.2003,22001,,,,,
21.02.2003,22001,,,,,
20.02.2003,22001,,,,,
19.02.2003,22001,,,,,
18.02.2003,22001,,,,,
17.02.2003,22001,,,,,
16.02.2003,22001,,,,,
15.02.2003,22001,,,,,
14.02.2003,22001,,,,,
13.02.2003,22001,,,,,
12.02.2003,22001,,,,,
11.02.2003,22001,,,,,
10.02.2003,22001,,,,,
09.02.2003,44001,,,,,
08.02.2003,33001,,,,,
07.02.2003,44001,,,,,
06.02.2003,44001,,,,,
05.02.2003,44001,,,,,
04.02.2003,33001,,,,,
03.02.2003,33001,,,,,
02.02.2003,33001,,,,,
01.02.2003,44001,,,,,
31.01.2003,33001,,,,,
30.01.2003,33001,,,,,
29.01.2003,33001,,,,,
28.01.2003,33001,,,,,
27.01.2003,33001,,,,,
26.01.2003,33001,,,,,
25.01.2003,44001,,,,,
24.01.2003,33001,,,,,
23.01.2003,22001,,,,,
22.01.2003,22001,,,,,
21.01.2003,22001,,,,,
20.01.2003,22001,,,,,
19.01.2003,22001,,,,,
18.01.2003,33001,,,,,
17.01.2003,33001,,,,,
16.01.2003,33001,,,,,
15.01.2003,33001,,,,,
14.01.2003,33001,,,,,
13.01.2003,22001,,,,,
12.01.2003,22001,,,,,
11.01.2003,22001,,,,,
10.01.2003,22001,,,,,
09.01.2003,22001,,,,,
08.01.2003,22001,,,,,
07.01.2003,22001,,,,,
06.01.2003,33001,,,,,
05.01.2003,33001,,,,,
04.01.2003,33001,,,,,
03.01.2003,33001,,,,,
02.01.2003,33001,,,,,
01.01.2003,33001,,,,,
31.12.2002,33001,,,,,
30.12.2002,33001,,,,,
29.12.2002,33001,,,,,
28.12.2002,22001,,,,,
27.12.2002,11001,,,,,
26.12.2002,11001,,,,,
25.12.2002,22001,,,,,
24.12.2002,22001,,,,,
23.12.2002,22001,,,,,
22.12.2002,22001,,,,,
21.12.2002,22001,,,,,
20.12.2002,22001,,,,,
17.04.2002,00001,,,,,
12.04.2002,11001,,,,,
08.04.2002,11001,,,,,
07.04.2002,11001,,,,,
06.04.2002,11001,,,,,
03.04.2002,11001,,,,,
02.04.2002,11001,,,,,
01.04.2002,22001,,,,,
31.03.2002,22001,,,,,
30.03.2002,22001,,,,,
29.03.2002,22001,,,,,
28.03.2002,22001,,,,,
27.03.2002,22001,,,,,
26.03.2002,33001,,,,,
25.03.2002,44001,,,,,
24.03.2002,44001,,,,,
23.03.2002,44001,,,,,
22.03.2002,33001,,,,,
21.03.2002,33001,,,,,
20.03.2002,33001,,,,,
19.03.2002,22001,,,,,
16.03.2002,11001,,,,,
15.03.2002,11001,,,,,
12.03.2002,11001,,,,,
11.03.2002,22001,,,,,
10.03.2002,22001,,,,,
09.03.2002,22001,,,,,
08.03.2002,22001,,,,,
07.03.2002,22001,,,,,
06.03.2002,22001,,,,,
05.03.2002,22001,,,,,
04.03.2002,22001,,,,,
03.03.2002,22001,,,,,
02.03.2002,22001,,,,,
01.03.2002,33001,,,,,
28.02.2002,33001,,,,,
27.02.2002,44001,,,,,
26.02.2002,44001,,,,,
25.02.2002,44001,,,,,
24.02.2002,44001,,,,,
23.02.2002,33001,,,,,
22.02.2002,33001,,,,,
21.02.2002,33001,,,,,
20.02.2002,33001,,,,,
19.02.2002,11001,,,,,
18.02.2002,11001,,,,,
17.02.2002,11001,,,,,
16.02.2002,11001,,,,,
15.02.2002,11001,,,,,
14.02.2002,11001,,,,,
13.02.2002,11001,,,,,
12.02.2002,22001,,,,,
11.02.2002,22001,,,,,
10.02.2002,22001,,,,,
09.02.2002,22001,,,,,
08.02.2002,33001,,,,,
07.02.2002,22001,,,,,
06.02.2002,11001,,,,,
05.02.2002,11001,,,,,
04.02.2002,11001,,,,,
03.02.2002,22001,,,,,
02.02.2002,11001,,,,,
01.02.2002,11001,,,,,
31.01.2002,22001,,,,,
30.01.2002,22001,,,,,
29.01.2002,33001,,,,,
28.01.2002,33001,,,,,
27.01.2002,22001,,,,,
26.01.2002,11001,,,,,
25.01.2002,11001,,,,,
24.01.2002,22001,,,,,
23.01.2002,22001,,,,,
22.01.2002,33001,,,,,
21.01.2002,33001,,,,,
20.01.2002,22001,,,,,
19.01.2002,11001,,,,,
18.01.2002,11001,,,,,
17.01.2002,11001,,,,,
16.01.2002,11001,,,,,
15.01.2002,11001,,,,,
14.01.2002,11001,,,,,
13.01.2002,11001,,,,,
12.01.2002,11001,,,,,
11.01.2002,11001,,,,,
10.01.2002,11001,,,,,
09.01.2002,22001,,,,,
08.01.2002,22001,,,,,
07.01.2002,22001,,,,,
06.01.2002,22001,,,,,
05.01.2002,33001,,,,,
04.01.2002,22001,,,,,
03.01.2002,33001,,,,,
02.01.2002,33001,,,,,
01.01.2002,33001,,,,,
31.12.2001,33001,,,,,
30.12.2001,33001,,,,,
29.12.2001,33001,,,,,
28.12.2001,44001,,,,,
27.12.2001,44001,,,,,
26.12.2001,33001,,,,,
25.12.2001,44001,,,,,
24.12.2001,44001,,,,,
23.12.2001,44001,,,,,
22.12.2001,33001,,,,,
21.12.2001,33001,,,,,
20.12.2001,33001,,,,,
19.12.2001,22001,,,,,
18.12.2001,22001,,,,,
17.12.2001,22001,,,,,
16.12.2001,33001,,,,,
15.12.2001,33001,,,,,
14.12.2001,44001,,,,,
13.12.2001,33001,,,,,
12.12.2001,22001,,,,,
11.12.2001,22001,,,,,
10.12.2001,33001,,,,,
09.12.2001,33001,,,,,
08.12.2001,33001,,,,,
07.12.2001,44001,,,,,
06.12.2001,22001,,,,,
05.12.2001,22001,,,,,
04.12.2001,22001,,,,,
03.12.2001,22001,,,,,
02.12.2001,33001,,,,,
01.12.2001,33001,,,,,
30.11.2001,33001,,,,,
27.11.2001,00001,,,,,
26.11.2001,00001,,,,,
23.11.2001,00001,,,,,
07.11.2001,00001,,,,,
30.04.2001,22001,,,,,
28.04.2001,22001,,,,,
27.04.2001,22001,,,,,
26.04.2001,22001,,,,,
25.04.2001,22001,,,,,
24.04.2001,33001,,,,,
23.04.2001,33001,,,,,
22.04.2001,33001,,,,,
21.04.2001,33001,,,,,
20.04.2001,22001,,,,,
19.04.2001,22001,,,,,
18.04.2001,33001,,,,,
17.04.2001,33001,,,,,
16.04.2001,33001,,,,,
15.04.2001,33001,,,,,
14.04.2001,33001,,,,,
13.04.2001,33001,,,,,
12.04.2001,33001,,,,,
11.04.2001,22001,,,,,
10.04.2001,33001,,,,,
09.04.2001,33001,,,,,
08.04.2001,22001,,,,,
06.04.2001,22001,,,,,
02.04.2001,22001,,,,,
30.03.2001,22001,,,,,
29.03.2001,22001,,,,,
28.03.2001,11001,,,,,
27.03.2001,22001,,,,,
26.03.2001,22001,,,,,
25.03.2001,33001,,,,,
24.03.2001,33001,,,,,
23.03.2001,22001,,,,,
22.03.2001,33001,,,,,
21.03.2001,33001,,,,,
20.03.2001,22001,,,,,
19.03.2001,22001,,,,,
18.03.2001,22001,,,,,
17.03.2001,22001,,,,,
16.03.2001,33001,,,,,
15.03.2001,33001,,,,,
14.03.2001,33001,,,,,
13.03.2001,33001,,,,,
12.03.2001,33001,,,,,
11.03.2001,22001,,,,,
10.03.2001,22001,,,,,
09.03.2001,22001,,,,,
08.03.2001,22001,,,,,
07.03.2001,22001,,,,,
06.03.2001,22001,,,,,
05.03.2001,33001,,,,,
04.03.2001,22001,,,,,
03.03.2001,33001,,,,,
02.03.2001,33001,,,,,
01.03.2001,33001,,,,,
28.02.2001,33001,,,,,
27.02.2001,33001,,,,,
26.02.2001,33001,,,,,
25.02.2001,44001,,,,,
24.02.2001,44001,,,,,
23.02.2001,44001,,,,,
22.02.2001,33001,,,,,
21.02.2001,33001,,,,,
20.02.2001,11001,,,,,
19.02.2001,11001,,,,,
18.02.2001,11001,,,,,
17.02.2001,11001,,,,,
16.02.2001,11001,,,,,
15.02.2001,11001,,,,,
14.02.2001,11001,,,,,
13.02.2001,11001,,,,,
12.02.2001,11001,,,,,
11.02.2001,22001,,,,,
10.02.2001,22001,,,,,
09.02.2001,22001,,,,,
08.02.2001,22001,,,,,
07.02.2001,22001,,,,,
06.02.2001,22001,,,,,
05.02.2001,33001,,,,,
04.02.2001,44001,,,,,
03.02.2001,44001,,,,,
02.02.2001,33001,,,,,
01.02.2001,22001,,,,,
31.01.2001,22001,,,,,
30.01.2001,22001,,,,,
29.01.2001,22001,,,,,
28.01.2001,33001,,,,,
27.01.2001,22001,,,,,
26.01.2001,33001,,,,,
25.01.2001,11001,,,,,
24.01.2001,11001,,,,,
23.01.2001,11001,,,,,
22.01.2001,11001,,,,,
21.01.2001,11001,,,,,
20.01.2001,11001,,,,,
19.01.2001,11001,,,,,
18.01.2001,11001,,,,,
17.01.2001,22001,,,,,
16.01.2001,22001,,,,,
15.01.2001,11001,,,,,
14.01.2001,11001,,,,,
13.01.2001,11001,,,,,
12.01.2001,22001,,,,,
11.01.2001,22001,,,,,
10.01.2001,22001,,,,,
09.01.2001,22001,,,,,
08.01.2001,22001,,,,,
07.01.2001,11001,,,,,
06.01.2001,11001,,,,,
05.01.2001,11001,,,,,
04.01.2001,11001,,,,,
03.01.2001,22001,,,,,
02.01.2001,11001,,,,,
01.01.2001,22001,,,,,
31.12.2000,22001,,,,,
30.12.2000,22001,,,,,
29.12.2000,11001,,,,,
28.12.2000,11001,,,,,
27.12.2000,11001,,,,,
26.12.2000,11001,,,,,
23.12.2000,11001,,,,,
22.12.2000,11001,,,,,
21.12.2000,22001,,,,,
04.05.2000,22001,,,,,
25.04.2000,22001,,,,,
24.04.2000,22001,,,,,
23.04.2000,22001,,,,,
22.04.2000,33001,,,,,
21.04.2000,33001,,,,,
20.04.2000,33001,,,,,
19.04.2000,33001,,,,,
18.04.2000,22001,,,,,
17.04.2000,22001,,,,,
16.04.2000,22001,,,,,
15.04.2000,22001,,,,,
14.04.2000,22001,,,,,
13.04.2000,22001,,,,,
12.04.2000,22001,,,,,
11.04.2000,22001,,,,,
10.04.2000,22001,,,,,
09.04.2000,22001,,,,,
08.04.2000,11001,,,,,
07.04.2000,22001,,,,,
06.04.2000,33001,,,,,
05.04.2000,22001,,,,,
04.04.2000,22001,,,,,
03.04.2000,11001,,,,,
02.04.2000,22001,,,,,
01.04.2000,22001,,,,,
30.03.2000,22001,,,,,
29.03.2000,22001,,,,,
28.03.2000,22001,,,,,
27.03.2000,22001,,,,,
26.03.2000,33001,,,,,
25.03.2000,33001,,,,,
24.03.2000,33001,,,,,
23.03.2000,22001,,,,,
22.03.2000,22001,,,,,
21.03.2000,22001,,,,,
20.03.2000,33001,,,,,
19.03.2000,44001,,,,,
18.03.2000,55001,,,,,
17.03.2000,44001,,,,,
16.03.2000,33001,,,,,
15.03.2000,33001,,,,,
14.03.2000,22001,,,,,
13.03.2000,22001,,,,,
12.03.2000,33001,,,,,
11.03.2000,33001,,,,,
10.03.2000,33001,,,,,
09.03.2000,33001,,,,,
08.03.2000,22001,,,,,
07.03.2000,22001,,,,,
06.03.2000,33001,,,,,
05.03.2000,44001,,,,,
04.03.2000,33001,,,,,
03.03.2000,33001,,,,,
02.03.2000,33001,,,,,
01.03.2000,11001,,,,,
28.02.2000,22001,,,,,
27.02.2000,22001,,,,,
26.02.2000,33001,,,,,
25.02.2000,33001,,,,,
24.02.2000,22001,,,,,
23.02.2000,22001,,,,,
22.02.2000,44001,,,,,
21.02.2000,55001,,,,,
20.02.2000,44001,,,,,
19.02.2000,44001,,,,,
18.02.2000,33001,,,,,
17.02.2000,33001,,,,,
16.02.2000,22001,,,,,
15.02.2000,33001,,,,,
14.02.2000,33001,,,,,
13.02.2000,22001,,,,,
12.02.2000,22001,,,,,
11.02.2000,22001,,,,,
10.02.2000,33001,,,,,
09.02.2000,22001,,,,,
08.02.2000,22001,,,,,
07.02.2000,22001,,,,,
06.02.2000,22001,,,,,
05.02.2000,22001,,,,,
04.02.2000,22001,,,,,
03.02.2000,22001,,,,,
02.02.2000,22001,,,,,
01.02.2000,33001,,,,,
30.01.2000,33001,,,,,
29.01.2000,33001,,,,,
28.01.2000,33001,,,,,
27.01.2000,22001,,,,,
26.01.2000,33001,,,,,
25.01.2000,33001,,,,,
24.01.2000,44001,,,,,
23.01.2000,44001,,,,,
22.01.2000,44001,,,,,
21.01.2000,33001,,,,,
20.01.2000,33001,,,,,
19.01.2000,44001,,,,,
18.01.2000,22001,,,,,
17.01.2000,11001,,,,,
16.01.2000,11001,,,,,
15.01.2000,11001,,,,,
14.01.2000,11001,,,,,
13.01.2000,11001,,,,,
12.01.2000,11001,,,,,
11.01.2000,11001,,,,,
10.01.2000,11001,,,,,
09.01.2000,11001,,,,,
08.01.2000,11001,,,,,
07.01.2000,11001,,,,,
06.01.2000,22001,,,,,
05.01.2000,22001,,,,,
04.01.2000,22001,,,,,
03.01.2000,22001,,,,,
02.01.2000,33001,,,,,
01.01.2000,33001,,,,,
29.12.1999,44001,,,,,
28.12.1999,33001,,,,,
27.12.1999,33001,,,,,
26.12.1999,33001,,,,,
25.12.1999,00001,,,,,
24.12.1999,22001,,,,,
23.12.1999,22001,,,,,
22.12.1999,22001,,,,,
21.12.1999,22001,,,,,
20.12.1999,22001,,,,,
19.12.1999,33001,,,,,
18.12.1999,33001,,,,,
17.12.1999,22001,,,,,
16.12.1999,33001,,,,,
15.12.1999,33001,,,,,
14.12.1999,33001,,,,,
13.12.1999,33001,,,,,
10.12.1999,22001,,,,,
06.12.1999,33001,,,,,
03.12.1999,22001,,,,,
26.11.1999,22001,,,,,
24.11.1999,33001,,,,,
23.11.1999,33001,,,,,
07.05.1999,00001,,,,,
03.05.1999,22001,,,,,
02.05.1999,22001,,,,,
01.05.1999,22001,,,,,
30.04.1999,22001,,,,,
29.04.1999,22001,,,,,
28.04.1999,22001,,,,,
27.04.1999,22001,,,,,
26.04.1999,22001,,,,,
25.04.1999,33001,,,,,
24.04.1999,22001,,,,,
23.04.1999,22001,,,,,
22.04.1999,22001,,,,,
21.04.1999,22001,,,,,
20.04.1999,22001,,,,,
19.04.1999,33001,,,,,
18.04.1999,33001,,,,,
17.04.1999,22001,,,,,
16.04.1999,22001,,,,,
15.04.1999,33001,,,,,
14.04.1999,33001,,,,,
13.04.1999,22001,,,,,
12.04.1999,22001,,,,,
11.04.1999,22001,,,,,
10.04.1999,22001,,,,,
09.04.1999,22001,,,,,
08.04.1999,22001,,,,,
07.04.1999,22001,,,,,
06.04.1999,22001,,,,,
05.04.1999,22001,,,,,
04.04.1999,11001,,,,,
03.04.1999,11001,,,,,
02.04.1999,11001,,,,,
01.04.1999,11001,,,,,
31.03.1999,11001,,,,,
30.03.1999,11001,,,,,
29.03.1999,11001,,,,,
28.03.1999,22001,,,,,
27.03.1999,22001,,,,,
26.03.1999,22001,,,,,
25.03.1999,33001,,,,,
24.03.1999,33001,,,,,
23.03.1999,33001,,,,,
22.03.1999,22001,,,,,
21.03.1999,33001,,,,,
20.03.1999,33001,,,,,
19.03.1999,11001,,,,,
18.03.1999,11001,,,,,
17.03.1999,11001,,,,,
16.03.1999,22001,,,,,
15.03.1999,22001,,,,,
14.03.1999,22001,,,,,
13.03.1999,22001,,,,,
12.03.1999,33001,,,,,
11.03.1999,33001,,,,,
10.03.1999,33001,,,,,
09.03.1999,33001,,,,,
08.03.1999,33001,,,,,
07.03.1999,33001,,,,,
06.03.1999,22001,,,,,
05.03.1999,22001,,,,,
04.03.1999,33001,,,,,
03.03.1999,44001,,,,,
02.03.1999,44001,,,,,
01.03.1999,33001,,,,,
28.02.1999,33001,,,,,
27.02.1999,44001,,,,,
26.02.1999,44001,,,,,
25.02.1999,55001,,,,,
24.02.1999,55001,,,,,
23.02.1999,55001,,,,,
22.02.1999,44001,,,,,
21.02.1999,44001,,,,,
20.02.1999,55001,,,,,
19.02.1999,44001,,,,,
18.02.1999,44001,,,,,
17.02.1999,33001,,,,,
16.02.1999,33001,,,,,
15.02.1999,22001,,,,,
14.02.1999,22001,,,,,
13.02.1999,22001,,,,,
12.02.1999,00001,,,,,
11.02.1999,33001,,,,,
10.02.1999,44001,,,,,
09.02.1999,44001,,,,,
08.02.1999,55001,,,,,
07.02.1999,55001,,,,,
06.02.1999,00001,,,,,
05.02.1999,33001,,,,,
04.02.1999,33001,,,,,
03.02.1999,33001,,,,,
02.02.1999,33001,,,,,
01.02.1999,44001,,,,,
31.01.1999,44001,,,,,
30.01.1999,44001,,,,,
29.01.1999,44001,,,,,
28.01.1999,44001,,,,,
27.01.1999,11001,,,,,
26.01.1999,11001,,,,,
25.01.1999,11001,,,,,
24.01.1999,11001,,,,,
23.01.1999,11001,,,,,
22.01.1999,11001,,,,,
21.01.1999,11001,,,,,
20.01.1999,11001,,,,,
19.01.1999,22001,,,,,
18.01.1999,22001,,,,,
17.01.1999,00001,,,,,
16.01.1999,22001,,,,,
15.01.1999,33001,,,,,
14.01.1999,33001,,,,,
13.01.1999,33001,,,,,
12.01.1999,33001,,,,,
11.01.1999,22001,,,,,
10.01.1999,33001,,,,,
09.01.1999,33001,,,,,
08.01.1999,22001,,,,,
07.01.1999,11001,,,,,
06.01.1999,22001,,,,,
05.01.1999,11001,,,,,
04.01.1999,22001,,,,,
03.01.1999,11001,,,,,
02.01.1999,11001,,,,,
01.01.1999,11001,,,,,
31.12.1998,11001,,,,,
30.12.1998,11001,,,,,
29.12.1998,11001,,,,,
28.12.1998,11001,,,,,
27.12.1998,22001,,,,,
26.12.1998,22001,,,,,
25.12.1998,22001,,,,,
24.12.1998,22001,,,,,
23.12.1998,22001,,,,,
22.12.1998,33001,,,,,
21.12.1998,11001,,,,,
20.12.1998,11001,,,,,
19.12.1998,11001,,,,,
18.12.1998,11001,,,,,
17.12.1998,22001,,,,,
16.12.1998,22001,,,,,
15.12.1998,33001,,,,,
14.12.1998,44001,,,,,
13.12.1998,44001,,,,,
12.12.1998,00001,,,,,
11.12.1998,33001,,,,,
01.05.1998,22001,,,,,
28.04.1998,22001,,,,,
24.04.1998,22001,,,,,
21.04.1998,22001,,,,,
20.04.1998,22001,,,,,
19.04.1998,22001,,,,,
18.04.1998,22001,,,,,
17.04.1998,22001,,,,,
16.04.1998,33001,,,,,
15.04.1998,33001,,,,,
14.04.1998,33001,,,,,
13.04.1998,33001,,,,,
12.04.1998,11001,,,,,
11.04.1998,11001,,,,,
10.04.1998,11001,,,,,
09.04.1998,22001,,,,,
08.04.1998,22001,,,,,
07.04.1998,11001,,,,,
06.04.1998,22001,,,,,
05.04.1998,22001,,,,,
04.04.1998,22001,,,,,
03.04.1998,22001,,,,,
02.04.1998,33001,,,,,
01.04.1998,22001,,,,,
31.03.1998,22001,,,,,
30.03.1998,22001,,,,,
29.03.1998,33001,,,,,
28.03.1998,33001,,,,,
27.03.1998,22001,,,,,
26.03.1998,22001,,,,,
25.03.1998,33001,,,,,
24.03.1998,33001,,,,,
23.03.1998,33001,,,,,
22.03.1998,44001,,,,,
21.03.1998,44001,,,,,
20.03.1998,44001,,,,,
19.03.1998,44001,,,,,
18.03.1998,44001,,,,,
17.03.1998,44001,,,,,
16.03.1998,44001,,,,,
15.03.1998,33001,,,,,
14.03.1998,22001,,,,,
13.03.1998,22001,,,,,
12.03.1998,22001,,,,,
11.03.1998,33001,,,,,
10.03.1998,33001,,,,,
09.03.1998,33001,,,,,
08.03.1998,33001,,,,,
07.03.1998,33001,,,,,
06.03.1998,33001,,,,,
05.03.1998,22001,,,,,
04.03.1998,22001,,,,,
03.03.1998,33001,,,,,
02.03.1998,33001,,,,,
01.03.1998,11001,,,,,
28.02.1998,11001,,,,,
27.02.1998,11001,,,,,
26.02.1998,11001,,,,,
25.02.1998,11001,,,,,
24.02.1998,11001,,,,,
23.02.1998,11001,,,,,
22.02.1998,11001,,,,,
21.02.1998,11001,,,,,
20.02.1998,11001,,,,,
19.02.1998,11001,,,,,
18.02.1998,22001,,,,,
17.02.1998,11001,,,,,
16.02.1998,11001,,,,,
15.02.1998,11001,,,,,
14.02.1998,22001,,,,,
13.02.1998,11001,,,,,
12.02.1998,11001,,,,,
11.02.1998,22001,,,,,
10.02.1998,11001,,,,,
09.02.1998,11001,,,,,
08.02.1998,11001,,,,,
07.02.1998,11001,,,,,
06.02.1998,11001,,,,,
05.02.1998,11001,,,,,
04.02.1998,11001,,,,,
03.02.1998,11001,,,,,
02.02.1998,11001,,,,,
01.02.1998,22001,,,,,
31.01.1998,22001,,,,,
30.01.1998,11001,,,,,
29.01.1998,22001,,,,,
28.01.1998,22001,,,,,
27.01.1998,22001,,,,,
26.01.1998,22001,,,,,
25.01.1998,22001,,,,,
24.01.1998,33001,,,,,
23.01.1998,33001,,,,,
22.01.1998,44001,,,,,
21.01.1998,33001,,,,,
20.01.1998,33001,,,,,
19.01.1998,33001,,,,,
18.01.1998,33001,,,,,
17.01.1998,33001,,,,,
16.01.1998,11001,,,,,
15.01.1998,11001,,,,,
14.01.1998,11001,,,,,
13.01.1998,11001,,,,,
12.01.1998,11001,,,,,
11.01.1998,22001,,,,,
10.01.1998,22001,,,,,
09.01.1998,22001,,,,,
08.01.1998,33001,,,,,
07.01.1998,33001,,,,,
06.01.1998,22001,,,,,
05.01.1998,22001,,,,,
04.01.1998,22001,,,,,
03.01.1998,22001,,,,,
02.01.1998,22001,,,,,
01.01.1998,22001,,,,,
31.12.1997,22001,,,,,
30.12.1997,33001,,,,,
29.12.1997,22001,,,,,
28.12.1997,22001,,,,,
27.12.1997,22001,,,,,
26.12.1997,33001,,,,,
25.12.1997,33001,,,,,
24.12.1997,22001,,,,,
23.12.1997,22001,,,,,
22.12.1997,22001,,,,,
21.12.1997,22001,,,,,
20.12.1997,22001,,,,,
19.12.1997,22001,,,,,
18.12.1997,22001,,,,,
